번호,사무소명,사무소주소,영업현황
1,중산공인중개사사무소,대전광역시 서구 조달청길 148,영업중
2,상일공인중개사사무소,"대전광역시 서구 제비네6길 21, 1층(도마동)",영업중
3,신영공인중개사사무소,"대전광역시 서구 도산로 45, 101호(도마1동.엔젤크리닉)",영업중
4,대일공인중개사사무소,대전광역시 서구 도산로369번길 51(괴정동),영업중
5,복수지구공인중개사사무소,"대전광역시 서구 복수남로 38, 102호",영업중
6,풍년부동산중개(주),대전광역시 서구 둔산로 208(둔산3동),영업중
7,추풍령공인중개사사무소,"대전광역시 서구 계룡로264번길 43, 지하 1층 일부(월평동)",영업중
8,누리공인중개사사무소,"대전광역시 서구 청사로 70, 상가 102호(월평3동, 누리(아))",영업중
9,아이텔공인중개사사무소,"대전광역시 서구 둔산로 133, 120호(둔산1동,둔산현대아이텔)",영업중
10,맑은아침공인중개사사무소,"대전광역시 서구 갈마로 262, 상가502-106(내동, 맑은아침(아))",영업중
11,태백공인중개사사무소,대전광역시 서구 둔산남로 189(둔산3동),영업중
12,우리공인중개사사무소,"대전광역시 서구 문정로90번길 60, 상가 102호(탄방동, 한우리(아))",영업중
13,은아마을공인중개사사무소,"대전광역시 서구 계백로1158번길 113, 상가동 104호(가수원동, 은아아파트2단지)",영업중
14,대한공인중개사사무소,대전광역시 서구 괴정로 21(괴정동),영업중
15,양지공인중개사사무소,"대전광역시 서구 둔산북로 215, 상가 104호 (둔산3동, 가람(아))",영업중
16,둔산공인중개사사무소,"대전광역시 서구 청사로 254, 상가 101호(둔산2동,둥지(아))",영업중
17,호강공인중개사사무소,대전광역시 서구 도솔로 96(도마2동),영업중
18,수만금공인중개사사무소,"대전광역시 서구 둔산중로72번길 32, 110호(둔산동, 아크로프라자)",영업중
19,옥수 공인중개사사무소,"대전광역시 서구 관저로 24, 1층 109호, 110호(관저동)",영업중
20,목화공인중개사사무소,"대전광역시 서구 둔산중로 54, 603호(둔산동, 센티온)",영업중
21,푸른공인중개사사무소,"대전광역시 서구 신갈마로 95, 상가 217-3호(갈마1동,갈마(아))",영업중
22,신한국공인중개사사무소,대전광역시 서구 조달청길 84(도마2동),영업중
23,로타리공인중개사사무소,대전광역시 서구 둔산남로 42(둔산2동),영업중
24,성신공인중개사사무소,대전광역시 서구 갈마역로11번길 29(갈마1동),영업중
25,삼흥공인중개사사무소,"대전광역시 서구 대덕대로 415, 상가 105호(만년동,상아(아))",영업중
26,LG공인중개사사무소,대전광역시 서구 만년남로3번길 45(만년동),영업중
27,백합공인중개사사무소,"대전광역시 서구 청사서로 29, 상가120호(월평동,샛별(아))",영업중
28,태명공인중개사사무소,대전광역시 서구 월평로 98-1(월평1동),영업중
29,소망공인중개사사무소,"대전광역시 서구 계룡로500번길 54, 1층(갈마동)",영업중
30,둔지미공인중개사사무소,"대전광역시 서구 청사로 120, 101호(월평동)",영업중
31,상진공인중개사사무소,대전광역시 서구 도산로 310(가장동),영업중
32,상록수공인중개사사무소,"대전광역시 서구 만년남로 8, 상가 113호(만년동,상록수(아))",영업중
33,문정공인중개사사무소,대전광역시 서구 문정로170번길 192(둔산3동),영업중
34,행운공인중개사사무소,"대전광역시 서구 대덕대로 415, 상가 103호(만년동,상아(아))",영업중
35,백제공인중개사사무소,"대전광역시 서구 가장로 40, 2층(괴정동)",영업중
36,드림공인중개사사무소,대전광역시 서구 갈마로 211(괴정동),영업중
37,솔로몬공인중개사사무소,"대전광역시 서구 월평로48번길 8, 1층(월평1동)",영업중
38,성보공인중개사사무소,대전광역시 서구 변동로 73(변동),영업중
39,이명석공인중개사사무소,"대전광역시 서구 계룡로615번길 51, 101호",영업중
40,용문포스코탑공인중개사사무소,"대전광역시 서구 계룡로 663-17, 1층(용문동)",영업중
41,신우공인중개사사무소,대전광역시 서구 조달청길 137(도마1동),영업중
42,백두공인중개사사무소,대전광역시 서구 동서대로 1078(변동),영업중
43,새시대공인중개사사무소,대전광역시 서구 남선로60번길 11(탄방동),영업중
44,가로수공인중개사사무소,"대전광역시 서구 계룡로571번길 65, 상가112호(탄방동,산호(아))",영업중
45,다정공인중개사사무소,대전광역시 서구 둔산남로179번길 7(둔산3동),영업중
46,88공인중개사사무소,대전광역시 서구 문정로 124(탄방동),영업중
47,샘머리랜드공인중개사사무소,"대전광역시 서구 청사로 281, 샘머리아파트 분산상가동 104호(둔산동)",영업중
48,상아공인중개사사무소,"대전광역시 서구 대덕대로 415, 상가 107호(만년동,상아(아))",영업중
49,백현남공인중개사사무소,대전광역시 서구 신갈마로 123(갈마1동),영업중
50,현대아이텔부동산중개인사무소,"대전광역시 서구 둔산로 133, 103호,121호(둔산1동,둔산현대아이텔)",영업중
51,해리타운공인중개사사무소,"대전광역시 서구 갈마로 262, 상가 501-109(내동, 맑은아침(아))",영업중
52,한빛공인중개사사무소,"대전광역시 서구 도솔로 215-1, 1층 좌측(변동)",영업중
53,아너스빌공인중개사사무소,"대전광역시 서구 둔산북로 121, 107호 (둔산1동, 아너스빌)",영업중
54,황금공인중개사사무소,"대전광역시 서구 관저로 83, 상가 108호 (관저2동, 신선마을(아))",영업중
55,랜드공인중개사사무소,"대전광역시 서구 괴정로 203, 106호(용문동, 덕일한마음아파트)",영업중
56,국화랜드공인중개사사무소,"대전광역시 서구 둔산로 201, 신동아상가 102호 (둔산3동, 국화(아))",영업중
57,해솔공인중개사사무소,"대전광역시 서구 월평동로 45, 상가 112호(월평3동,진달래(아))",영업중
58,복수공인중개사사무소,"대전광역시 서구 복수남로 38, 102호(복수동)",영업중
59,부동산써브현대공인중개사,"대전광역시 서구 만년남로 8, 상가115호(만년동,상록수(아))",영업중
60,양지공인중개사사무소,대전광역시 서구 월평로 102(월평1동),영업중
61,이주공인중개사사무소,대전광역시 서구 갈마로147번길 76(갈마2동),영업중
62,성지공인중개사사무소,대전광역시 서구 도산로 290(가장동),영업중
63,제일공인중개사사무소,대전광역시 서구 만년로 14(만년동),영업중
64,광개토공인중개사사무소,대전광역시 서구 도산로 401(탄방동),영업중
65,한성공인중개사사무소,"대전광역시 서구 도솔로 283, 1층(내동)",영업중
66,가온공인중개사사무소,"대전광역시 서구 신갈마로 95, 상가 104호 (갈마1동, 갈마(아))",영업중
67,강변공인중개사사무소,"대전광역시 서구 만년로 25, 상가109호(만년동,강변@)",영업중
68,배재로공인중개사사무소,"대전광역시 서구 도마로19번길 3, 1층(도마동)",영업중
69,서구공인중개사사무소,대전광역시 서구 갈마로117번길 36(갈마2동),영업중
70,장성운공인중개사사무소,"대전광역시 서구 둔산중로78번길 30, 601호(둔산1동,법조빌딩)",영업중
71,호야공인중개사사무소,"대전광역시 서구 둔산중로78번길 36, 403호(둔산1동,청우빌딩)",영업중
72,부동산마루공인중개사사무소,"대전광역시 서구 둔산로 15, 상가 113호(둔산2동,향촌(아))",영업중
73,새우리공인중개사사무소,대전광역시 서구 장안로 2(흑석동),영업중
74,관저마을공인중개사사무소,"대전광역시 서구 관저북로 71, 1층 113호(관저1동,원앙쇼핑)",영업중
75,리치온공인중개사사무소,"대전광역시 서구 월평새뜸로4번길 63, 101호(월평동)",영업중
76,스타공인중개사사무소,"대전광역시 서구 대덕대로 319, 114호 (월평2동, 우림필유)",영업중
77,장수공인중개사사무소,"대전광역시 서구 변동로 75, 102호(변동)",영업중
78,황토맑은아침공인중개사사무소,"대전광역시 서구 갈마로 262, 상가503동 103호(내동, 맑은아침아파트)",영업중
79,신택리지공인중개사사무소,대전광역시 서구 도솔로252번길 4(내동),영업중
80,명동공인중개사사무소,"대전광역시 서구 탄방로 10, 104호(탄방동, 미드림)",영업중
81,다복부동산중개사무소,대전광역시 서구 도마6길 4(도마동),영업중
82,신가원공인중개사사무소,"대전광역시 서구 제비네4길 93, 1층(도마동)",영업중
83,백합플러스공인중개사사무소,"대전광역시 서구 청사서로 41, 상가114호(월평2동,백합(아))",영업중
84,신성공인중개사사무소,대전광역시 서구 신갈마로 142-6(갈마1동),영업중
85,목련타운공인중개사사무소,"대전광역시 서구 둔산남로 127, 중앙상가 101호(둔산1동,목련(아))",영업중
86,반석부동산프라자공인중개사사무소,"대전광역시 서구 둔산중로 38, 116호(둔산동, 둔산메트로존)",영업중
87,리치빌공인중개사사무소,"대전광역시 서구 둔산중로 40, 둔산더리치빌 1층 114호, 115호 (둔산1동)",영업중
88,관저느리울부자공인중개사사무소,"대전광역시 서구 관저로 176, 103호(관저동)",영업중
89,뉴한솔공인중개사사무소,대전광역시 서구 도솔로 115(도마1동),영업중
90,만호공인중개사사무소,대전광역시 서구 괴정로 97-1(괴정동),영업중
91,리치월드공인중개사사무소,"대전광역시 서구 둔지로 52, 101호 (둔산2동, 갤러리빌7차)",영업중
92,즐거운 공인중개사사무소,"대전광역시 서구 대덕대로162번길 51, 101호(갈마2동,덕수빌딩)",영업중
93,갤러리공인중개사사무소,"대전광역시 서구 도산로 190, 14호(변동)",영업중
94,경민공인중개사사무소,"대전광역시 서구 용소로12번길 6-8, 1층 103호(도안동)",영업중
95,대전종합부동산합동공인중개사사무소,"대전광역시 서구 문정로 148, 101호(탄방동,굿앤월드빌딩)",영업중
96,전원공인중개사사무소,"대전광역시 서구 월평중로 50, 101호 (월평3동, 전원(아))",영업중
97,SM 공인중개사사무소,대전광역시 서구 갈마로 237(괴정동),영업중
98,신바람공인중개사사무소,"대전광역시 서구 대덕대로 141-12, 1층(갈마2동)",영업중
99,한섭공인중개사사무소,"대전광역시 서구 신갈마로230번길 36, 101호( 갈마1동)",영업중
100,한아름공인중개사사무소,"대전광역시 서구 청사서로 65, 207호(월평동,한아름상가)",영업중
101,롯데마을공인중개사사무소,"대전광역시 서구 신갈마로 46, 상가108호(내동,롯데(아))",영업중
102,대상공인중개사사무소,대전광역시 서구 신갈마로 229( 갈마1동),영업중
103,프라임공인중개사사무소,"대전광역시 서구 둔산중로78번길 36, 606호 (둔산1동, 청우빌딩)",영업중
104,벽산마을공인중개사사무소,"대전광역시 서구 갈마로 262, 상가501-107(내동, 맑은아침(아))",영업중
105,황실공인중개사,"대전광역시 서구 청사로 65, 상가 108호 (월평3동, 황실타운)",영업중
106,도안리슈빌114공인중개사사무소,"대전광역시 서구 도안동로 123, 상가104호의 1/2 서측(도안동,도안리슈빌아파트)",영업중
107,금강공인중개사사무소,"대전광역시 서구 관저북로 92, 상가103호(관저1동,원앙마을2단지)",영업중
108,정다운공인중개사사무소,"대전광역시 서구 갈마역로11번길 5, 1층 (갈마1동)",영업중
109,케이티공인중개사사무소,"대전광역시 서구 둔산서로 65, 102호 (둔산2동, KT그랜드뷰)",영업중
110,건영공인중개사사무소,"대전광역시 서구 청사로 70, 상가 101호(월평3동,누리(아))",영업중
111,대승공인중개사사무소,"대전광역시 서구 정림로 73, 1층 우측(정림동)",영업중
112,두일공인중개사사무소,"대전광역시 서구 월평로 52, 1층(월평동)",영업중
113,장원공인중개사사무소,"대전광역시 서구 신갈마로 274, 1층(갈마1동)",영업중
114,일번지공인중개사사무소,"대전광역시 서구 문정로2번길 33, 103호(탄방동, 스위트빌2차)",영업중
115,넥서스공인중개사사무소,"대전광역시 서구 대덕대로 246, B동 104호 (둔산2동, 넥서스밸리)",영업중
116,부원공인중개사사무소,대전광역시 서구 월평중로3번길 46(월평1동),영업중
117,유진공인중개사사무소,대전광역시 서구 문정로170번길 184(둔산3동),영업중
118,뉴목련공인중개사사무소,"대전광역시 서구 둔산남로 127, 중앙상가 108호 (둔산1동, 목련(아))",영업중
119,김남진공인중개사사무소,"대전광역시 서구 문정로 66, 5층(탄방동)",영업중
120,둔산랜드공인중개사사무소,"대전광역시 서구 둔지로 64, 1층 (둔산2동)",영업중
121,우리마을공인중개사사무소,대전광역시 서구 배재로233번길 6(변동),영업중
122,김창덕공인중개사사무소,대전광역시 서구 문정로150번길 7(탄방동),영업중
123,부자터공인중개사사무소,"대전광역시 서구 계룡로615번길 42, 1층 정면좌측(탄방동)",영업중
124,더샵힘찬공인중개사사무소,"대전광역시 서구 구봉산북로 52, 상가동 103호(관저동, 관저더샵2차)",영업중
125,창대공인중개사사무소,"대전광역시 서구 둔산로 228, 1층 10-2호(둔산3동,둔산종합시장)",영업중
126,구봉마을공인중개사사무소,"대전광역시 서구 관저서로 52, 103호",영업중
127,솔로몬이편한공인중개사사무소,"대전광역시 서구 계룡로615번길 51, 101호",영업중
128,백향목공인중개사사무소,대전광역시 서구 배재로91번길 20(도마2동),영업중
129,행복한공인중개사사무소,"대전광역시 서구 갈마역로25번길 13, 1층(갈마동)",영업중
130,드림하우스공인중개사사무소,대전광역시 서구 월평서로25번길 29(월평1동),영업중
131,은하수공인중개사사무소,"대전광역시 서구 둔산남로 15, 상가105호(둔산2동,은하수(아))",영업중
132,대림공인중개사사무소,"대전광역시 서구 도솔로 137, 1층 101호(도마동)",영업중
133,대전베스트공인중개사사무소,"대전광역시 서구 동서대로 1045, 1층(내동)",영업중
134,둔산코리아공인중개사사무소,"대전광역시 서구 둔산로 133, 213호",영업중
135,늘초원공인중개사사무소,"대전광역시 서구 만년로 45, 상가 103호(만년동,초원(아))",영업중
136,향촌타운공인중개사사무소,"대전광역시 서구 둔산로 15, 상가114호(둔산2동,향촌(아))",영업중
137,진주공인중개사사무소,대전광역시 서구 도솔로 352(괴정동),영업중
138,Daejeon제일공인중개사사무소,"대전광역시 서구 갈마중로 6-19, 1층(갈마동)",영업중
139,동아경매공인중개사사무소,"대전광역시 서구 둔산중로78번길 20, 702호(둔산1동,명진빌딩)",영업중
140,나래공인중개사사무소,"대전광역시 서구 계룡로354번길 24, 103호(갈마1동,목화빌라)",영업중
141,준공인중개사사무소,"대전광역시 서구 도산로 406, 1층(용문동)",영업중
142,한샘공인중개사사무소,"대전광역시 서구 둔산남로 127, 중앙상가 107호 (둔산1동, 목련(아))",영업중
143,로또공인중개사사무소,"대전광역시 서구 대덕대로175번길 60, 109호(둔산2동,메르하우젠)",영업중
144,천수공인중개사사무소,대전광역시 서구 갈마역로25번길 7(갈마1동),영업중
145,신선마을공인중개사사무소,"대전광역시 서구 관저로 83, 상가동 107호(관저동, 신선마을아파트)",영업중
146,2002공인중개사사무소,"대전광역시 서구 둔산로 238-1, 1층 102호(둔산동)",영업중
147,도움공인중개사사무소,대전광역시 서구 도산로 217(변동),영업중
148,국화공인중개사사무소,"대전광역시 서구 둔산로 201, 라이프상가 103호(둔산3동,국화(아))",영업중
149,도안우미린올레공인중개사사무소,"대전광역시 서구 도안동로 77, 상가동 106호(도안동, 도안18단지 린풀하우스)",영업중
150,대하공인중개사사무소,대전광역시 서구 도산로 280(가장동),영업중
151,초원랜드공인중개사사무소,"대전광역시 서구 만년로 45, 상가101호(만년동,초원(아))",영업중
152,동양공인중개사사무소,대전광역시 서구 대덕대로161번길 40(갈마2동),영업중
153,스위트공인중개사사무소,"대전광역시 서구 문정로2번길 33, 104호(탄방동,스위트빌2차)",영업중
154,정토공인중개사사무소,대전광역시 서구 배재로 162-1(도마1동),영업중
155,썬공인중개사사무소,"대전광역시 서구 제비네6길 19, 1층(도마동)",영업중
156,푸름공인중개사사무소,"대전광역시 서구 청사서로 11, 상가109호(월평2동,무지개(아))",영업중
157,최고공인중개사사무소,"대전광역시 서구 배재로 117, 상가 102호(도마2동,복음로얄(아))",영업중
158,부동산닥터공인중개사사무소,"대전광역시 서구 둔산북로 121, 2011호(둔산동, 아너스빌)",영업중
159,호반베르디움공인중개사사무소,"대전광역시 서구 원도안로 100, 상가 106호(도안동, 도안베르디움)",영업중
160,교차로도마공인중개사사무소,"대전광역시 서구 배재로 96, 2층(도마2동)",영업중
161,참행복한공인중개사사무소,"대전광역시 서구 신갈마로 237, 101호( 갈마1동,센트레빌)",영업중
162,흥부놀부공인중개사사무소,"대전광역시 서구 도학3길 59, 1층(도마동)",영업중
163,탄방114공인중개사사무소,"대전광역시 서구 도솔로412번길 17, 102호(탄방동)",영업중
164,시대공인중개사사무소,"대전광역시 서구 배재로 117, 복음로얄@상가동 1층 105호",영업중
165,대지공인중개사사무소,대전광역시 서구 벌곡로 651(흑석동),영업중
166,법원경매채움공인중개사사무소,"대전광역시 서구 문예로 73, 404호(둔산동)",영업중
167,킹마을공인중개사사무소,"대전광역시 서구 대덕대로 150, 분산상가 149동101호(갈마2동,큰마을(아))",영업중
168,김문수공인중개사사무소,대전광역시 서구 도마로 34(도마동),영업중
169,늘행복공인중개사사무소,"대전광역시 서구 관저로 46, 주상가동 103호(관저동,구봉마을7단지)",영업중
170,뉴태양공인중개사사무소,대전광역시 서구 도산로 35(도마1동),영업중
171,래미안시티공인중개사사무소,"대전광역시 서구 가장로 106, 별리상가 101호(가장동,삼성래미안(아))",영업중
172,빅토리부동산중개사무소,"대전광역시 서구 월평새뜸로4번길 95, 104호(월평동)",영업중
173,더미소공인중개사사무소,"대전광역시 서구 월평중로13번길 45, 1층",영업중
174,미소공인중개사사무소,"대전광역시 서구 계룡로583번길 55, B101호(탄방동, 위즈아파트)",영업중
175,둔산수정공인중개사사무소,"대전광역시 서구 청사로 282, 수정타운상가동 1층 116호(둔산동)",영업중
176,비룡공인중개사사무소,"대전광역시 서구 만년로 45, 상가 111호(만년동,초원(아))",영업중
177,대일공인중개사사무소,"대전광역시 서구 월평서로6번길 47, 1층(월평동)",영업중
178,새둥지공인중개사사무소,"대전광역시 서구 청사로 254, 상가 105호(둔산2동,둥지(아))",영업중
179,무지개공인중개사사무소,"대전광역시 서구 청사서로 11, 상가 111호 (월평2동, 무지개(아))",영업중
180,은아랜드공인중개사사무소,"대전광역시 서구 벌곡로1353번길 19, 2호(가수원동)",영업중
181,연수공인중개사사무소,"대전광역시 서구 벌곡로1353번길 29, 1층(가수원동)",영업중
182,부동산박사마을공인중개사사무소,"대전광역시 서구 둔산중로58번길 29, 103호(둔산동, 센트럴하이브리드)",영업중
183,메트로공인중개사사무소,"대전광역시 서구 둔산중로 66, 108호(둔산동, 메트로팰리스)",영업중
184,효성타운공인중개사사무소,"대전광역시 서구 도산로 11, 상가동 113호(도마동, 효성타운아파트)",영업중
185,법원공인중개사사무소,"대전광역시 서구 둔산중로 74, 102호(둔산동, 인곡타워)",영업중
186,연지공인중개사사무소,대전광역시 서구 동서대로 1006(내동),영업중
187,서우랜드공인중개사사무소,"대전광역시 서구 동서대로 994, 상가 101호(내동, 서우2단지아파트)",영업중
188,금공인중개사사무소,대전광역시 서구 갈마로 101(갈마2동),영업중
189,무궁화공인중개사사무소,"대전광역시 서구 청사서로 70, 상가 111호(월평2동,무궁화(아))",영업중
190,글로벌공인중개사사무소,대전광역시 서구 도산로 9(도마1동),영업중
191,주공원공인중개사사무소,"대전광역시 서구 월평북로 11, 상가 101호 (월평2동, 주공2단지)",영업중
192,더플러스공인중개사사무소,"대전광역시 서구 탄방로 108, 103호",영업중
193,아인공인중개사사무소,"대전광역시 서구 탄방로 87-5, 102호(탄방동)",영업중
194,탄방랜드공인중개사사무소,"대전광역시 서구 탄방로 52, 101호(탄방동)",영업중
195,웅진공인중개사사무소,"대전광역시 서구 계룡로546번길 7-31, 1층 일부(괴정동)",영업중
196,믿음공인중개사사무소,대전광역시 서구 조달청길 59(도마1동),영업중
197,애플공인중개사사무소,"대전광역시 서구 월평새뜸로8번길 62, 102호 (월평1동)",영업중
198,뉴미래로공인중개사사무소,"대전광역시 서구 제비네4길 132, 101호",영업중
199,공원공인중개사사무소,대전광역시 서구 문정로112번안길 46(탄방동),영업중
200,부동산마을공인중개사사무소,"대전광역시 서구 도솔로357번길 55, 상가101호(괴정동)",영업중
201,뉴재벌공인중개사사무소,"대전광역시 서구 계백로860번길 72, 1층 102호(관저동)",영업중
202,관저월드공인중개사사무소,"대전광역시 서구 관저남로25번길 13, 1층 102호(관저동)",영업중
203,한울공인중개사사무소,"대전광역시 서구 배재로 152, 2층 (도마1동)",영업중
204,어울림공인중개사사무소,"대전광역시 서구 계룡로553번안길 37, 1층(탄방동)",영업중
205,삼성랜드공인중개사사무소,대전광역시 서구 괴정로 149(용문동),영업중
206,관저리슈빌공인중개사사무소,"대전광역시 서구 관저동로90번길 15, 상가동 101호(관저동,관저리슈빌아파트)",영업중
207,용문랜드공인중개사사무소,대전광역시 서구 용문로 93-1(용문동),영업중
208,부자나라공인중개사사무소,"대전광역시 서구 신갈마로 223, 1층(갈마1동)",영업중
209,새한마루공인중개사사무소,"대전광역시 서구 둔산북로 160, 상가 103호(둔산1동,삼성한마루(아))",영업중
210,신세계공인중개사사무소,"대전광역시 서구 관저로 46, 상가 104호(관저2동,구봉마을7단지)",영업중
211,백목련공인중개사사무소,"대전광역시 서구 정림서로138번길 21, 상가 101호(정림동,백목련(아))",영업중
212,현민공인중개사사무소,대전광역시 서구 남선로59번길 4(탄방동),영업중
213,해와달공인중개사사무소,"대전광역시 서구 신갈마로181번길 20, 1층 101호(갈마동)",영업중
214,무지개타운공인중개사사무소,"대전광역시 서구 청사서로 11, 상가 112호 (월평2동, 무지개(아))",영업중
215,용문공인중개사사무소,대전광역시 서구 괴정로133번길 52(용문동),영업중
216,월평주공공인중개사사무소,"대전광역시 서구 월평북로 11, 상가 104호 (월평2동, 주공2단지)",영업중
217,일신공인중개사사무소,대전광역시 서구 도산로 35(도마1동),영업중
218,으뜸공인중개사사무소,대전광역시 서구 월평로 29(월평1동),영업중
219,한가람공인중개사사무소,"대전광역시 서구 문예로 16, 상가103호(탄방동,한가람(아))",영업중
220,도시공인중개사사무소,"대전광역시 서구 청사서로 54, 1층(월평2동)",영업중
221,우진공인중개사사무소,"대전광역시 서구 복수중로 38, B상가 102호(복수동,목화(아))",영업중
222,백경공인중개사사무소,"대전광역시 서구 만년남로 8, 상가114호(만년동,상록수(아))",영업중
223,신화공인중개사사무소,"대전광역시 서구 용문로 44-1, 1층(괴정동)",영업중
224,마트공인중개사사무소,"대전광역시 서구 둔산로 201, 동성상가105호(둔산3동,국화(아))",영업중
225,나경공인중개사사무소,대전광역시 서구 신갈마로 125(갈마1동),영업중
226,향촌공인중개사사무소,"대전광역시 서구 둔산로 15, 상가 110호 (둔산2동, 향촌(아))",영업중
227,계룡랜드공인중개사사무소,"대전광역시 서구 계룡로603번길 17, 지하 1층(탄방동)",영업중
228,삼성공인중개사사무소,"대전광역시 서구 청사서로 41, 상가108호(월평2동,백합(아))",영업중
229,녹원타운공인중개사사무소,"대전광역시 서구 둔산남로 30, 상가107호 (둔산2동,녹원(아))",영업중
230,메이저공인중개사사무소,"대전광역시 서구 문정로2번길 51, 1층 124호(탄방동, 시티빌3차)",영업중
231,시원공인중개사사무소,"대전광역시 서구 도안중로305번안길 1, 1층(도안동)",영업중
232,리슈빌공인중개사사무소,"대전광역시 서구 복수동로51번길 43, 상가 102호(복수동,계룡리슈빌)",영업중
233,기성공인중개사사무소,대전광역시 서구 벌곡로 1369-4(가수원동),영업중
234,현공인중개사사무소,"대전광역시 서구 둔산중로 66, 103호 (둔산1동, 메트로팰리스)",영업중
235,갑부공인중개사사무소,대전광역시 서구 도산로 367(용문동),영업중
236,월평타운공인중개사사무소,"대전광역시 서구 계룡로264번길 4, 상가 110호 (월평1동, 월평타운)",영업중
237,KT공인중개사사무소,대전광역시 서구 갈마로 204(내동),영업중
238,큰마을공인중개사사무소,"대전광역시 서구 대덕대로 150, 상가 148동 201호(갈마동, 큰마을아파트)",영업중
239,행복한엘드공인중개사사무소,"대전광역시 서구 도안동로 177, 상가117호(도안동,수목토(아))",영업중
240,매그놀리아우림공인중개사사무소,"대전광역시 서구 청사로 148, 103호(둔산동)",영업중
241,신나라공인중개사사무소,"대전광역시 서구 도안북로117번길 12, 1층 102호(도안동)",영업중
242,나비가플러스공인중개사사무소,"대전광역시 서구 둔산중로14번길 36, 119호(탄방동, 하이플러스)",영업중
243,수목토114공인중개사사무소,"대전광역시 서구 도안동로 177, 상가 109호",영업중
244,뉴베스트공인중개사사무소,"대전광역시 서구 동서대로 1045, 101호",영업중
245,강변랜드공인중개사사무소,"대전광역시 서구 만년로 25, 상가 110호(만년동,강변(아))",영업중
246,부자공인중개사사무소,"대전광역시 서구 대덕대로 150, 상가 148동 239호(갈마2동,큰마을(아))",영업중
247,한마음공인중개사사무소,"대전광역시 서구 관저동로 66, 107호 (관저2동, 애드피아빌딩)",영업중
248,수지공인중개사사무소,"대전광역시 서구 도안북로93번길 20-24, 102호",영업중
249,포스빌공인중개사사무소,"대전광역시 서구 대덕대로167번길 53, 지1층 4호(갈마2동, 포스빌(아))",영업중
250,관저드림공인중개사사무소,"대전광역시 서구 계백로828번길 20, 1층 102호(관저동)",영업중
251,궁전공인중개사사무소,"대전광역시 서구 대덕대로 150, 분산상가 149동 104호(갈마2동,큰마을(아))",영업중
252,월평행운2공인중개사사무소,"대전광역시 서구 청사로 65, 상가 107호(월평동, 황실타운)",영업중
253,천일공인중개사사무소,대전광역시 서구 변동로 61(변동),영업중
254,원앙타운공인중개사사무소,"대전광역시 서구 관저북로 92, 상가101호 (관저1동, 원앙마을2단지)",영업중
255,무궁화뱅크공인중개사사무소,"대전광역시 서구 청사서로 70, 상가102호(월평2동, 무궁화(아))",영업중
256,대전부동산공인중개사사무소,"대전광역시 서구 계룡로603번길 17, B02호(탄방동)",영업중
257,향촌랜드공인중개사사무소,"대전광역시 서구 둔산로 15, 상가동 116호(둔산동, 향촌아파트)",영업중
258,은아사랑공인중개사사무소,"대전광역시 서구 가수원로 5, 다(10호)동 지하2호(가수원동, 은아아파트5단지)",영업중
259,초록토마토공인중개사사무소,"대전광역시 서구 복수남로 36, 101호(복수동)",영업중
260,대경공인중개사사무소,"대전광역시 서구 둔산중로 66, 103호(둔산동, 메트로팰리스)",영업중
261,유신공인중개사사무소,대전광역시 서구 가장로 69(괴정동),영업중
262,한양타운공인중개사사무소,"대전광역시 서구 문정로 131, 상가 105호(탄방동, 공작(아))",영업중
263,김박사부동산공인중개사사무소,"대전광역시 서구 월평로 58, 6층 일부(월평동)",영업중
264,청사공인중개사사무소,"대전광역시 서구 청사로 253, 상가 103호 (둔산2동, 꿈나무(아))",영업중
265,대박공인중개사사무소,"대전광역시 서구 계룡로509번길 7, 101-1(탄방동, 시티빌1)",영업중
266,시티빌공인중개사사무소,"대전광역시 서구 문정로2번길 25, 102호(탄방동, 시티빌2차)",영업중
267,목련공인중개사사무소,"대전광역시 서구 둔산남로 127, 중앙상가 102호 (둔산1동, 목련(아))",영업중
268,새미래공인중개사사무소,"대전광역시 서구 갈마로 215, 1층 (괴정동)",영업중
269,진달래타운공인중개사사무소,"대전광역시 서구 월평동로 45, 상가 102호 (월평3동, 진달래(아))",영업중
270,센추리공인중개사사무소,"대전광역시 서구 갈마역로 16, 102호(둔산동, 스카이빌)",영업중
271,한백공인중개사사무소,"대전광역시 서구 계룡로584번길 49, 1층",영업중
272,럭키공인중개사사무소,"대전광역시 서구 둔산북로 160, 상가 107호 (둔산1동, 럭키한마루(아))",영업중
273,대정공인중개사사무소,"대전광역시 서구 정림로 55, 상가 114호(정림동, 우성(아))",영업중
274,대복공인중개사사무소,대전광역시 서구 탄방로7번길 45(탄방동),영업중
275,LBA밀알공인중개사사무소,"대전광역시 서구 유등로43번길 67, 104호(복수동)",영업중
276,월평행운공인중개사사무소,"대전광역시 서구 청사로 65, 상가 107호 (월평3동, 황실타운)",영업중
277,관저4지구공인중개사사무소,"대전광역시 서구 구봉산북로21번길 64-19, 101호(관저동)",영업중
278,주연공인중개사사무소,대전광역시 서구 계룡로629번길 22(탄방동),영업중
279,탄방자이공인중개사사무소,대전광역시 서구 계룡로 540(괴정동),영업중
280,달인공인중개사사무소,"대전광역시 서구 도솔로411번길 40, 102-1호(탄방동, 갤러리빌6차)",영업중
281,관저114공인중개사사무소,"대전광역시 서구 관저동로90번길 47, 주상가동 105호 (관저2동, 느리울마을(아))",영업중
282,모닝빌공인중개사사무소,"대전광역시 서구 도마로 60, 상가동 8호 (도마1동, 삼정하이츠)",영업중
283,일출공인중개사사무소,대전광역시 서구 도산로 155(변동),영업중
284,한우리공인중개사사무소,"대전광역시 서구 계룡로571번길 65, 상가 104호(탄방동, 산호(아))",영업중
285,느리울11단지공인중개사사무소,"대전광역시 서구 관저동로90번길 47, 주상가동 106호(관저2동,느리울마을(아))",영업중
286,도안복공인중개사사무소,"대전광역시 서구 도안북로93번길 11, 111호(도안동, 에프엠프라임4차빌딩)",영업중
287,복있는공인중개사사무소,"대전광역시 서구 월평로 2, 1층(월평1동)",영업중
288,동화공인중개사사무소,"대전광역시 서구 계룡로264번길 4, 상가 106호 (월평1동, 월평타운)",영업중
289,우정공인중개사사무소,"대전광역시 서구 문예로 16, 상가 114호(탄방동, 한가람(아))",영업중
290,김성도공인중개사사무소,"대전광역시 서구 만년로67번길 34-14, 가동 1층(만년동,아카디아)",영업중
291,기업부동산공인중개사사무소,"대전광역시 서구 도산로 401, 1층(탄방동)",영업중
292,OK해뜬공인중개사사무소,"대전광역시 서구 도솔로 18-1, 1층 좌측상가(도마동)",영업중
293,공간공인중개사사무소,대전광역시 서구 도산로370번길 48(용문동),영업중
294,다나와공인중개사사무소,"대전광역시 서구 월평서로25번길 51, 1층 102호(월평동)",영업중
295,관저풍년공인중개사사무소,"대전광역시 서구 구봉산북로21번길 32-6, 201호(관저동)",영업중
296,연세공인중개사사무소,"대전광역시 서구 동서대로 1016, 1층(내동)",영업중
297,피터팬좋은집구하기공인중개사사무소,대전광역시 서구 계룡로 562(괴정동),영업중
298,현진랜드공인중개사사무소,"대전광역시 서구 복수동로 21-20, 상가 109호(복수동,초록마을2단지)",영업중
299,우성타운공인중개사사무소,"대전광역시 서구 정림로 54, 1층",영업중
300,금성백조공인중개사사무소,"대전광역시 서구 도안북로 125, 상가104호(도안동,예미지(아))",영업중
301,신신공인중개사사무소,"대전광역시 서구 문예로 16, 상가104호(탄방동,한가람(아))",영업중
302,새부자공인중개사사무소,"대전광역시 서구 둔산로206번길 25, 1층 (둔산3동)",영업중
303,더샵OK공인중개사사무소,"대전광역시 서구 탄방로 104, 1층 (용문동)",영업중
304,갈마랜드공인중개사사무소,"대전광역시 서구 신갈마로 110-9, 102호 (갈마1동)",영업중
305,호원공인중개사사무소,"대전광역시 서구 월평로 89, 102호 (월평1동)",영업중
306,더프라임공인중개사사무소,"대전광역시 서구 대덕대로195번길 58, 115호",영업중
307,뉴한마음공인중개사사무소,"대전광역시 서구 괴정로 199, 1층 104호(용문동, 동양빌리지)",영업중
308,크로바공인중개사사무소,"대전광역시 서구 둔산로 155, 상가 114호 (둔산1동, 크로바(아))",영업중
309,흑석공인중개사사무소,대전광역시 서구 벌곡로 647(흑석동),영업중
310,다복공인중개사사무소,"대전광역시 서구 갈마역로 14, 1층 103호(둔산동, 하이스트빌)",영업중
311,롯데수지공인중개사사무소,"대전광역시 서구 용문로 53-1, 102호(괴정동)",영업중
312,태화공인중개사사무소,"대전광역시 서구 구봉산북로280번길 10-10, 102호(관저동)",영업중
313,제현공인중개사사무소,대전광역시 서구 계룡로562번길 34(괴정동),영업중
314,도안뜰부동산공인중개사사무소,"대전광역시 서구 도안중로 306, 102호(도안동,도안빌딩)",영업중
315,관저포스코더샵공인중개사사무소,"대전광역시 서구 관저서로 19, 단지내상가 104호(관저동, 관저더샵아파트)",영업중
316,성도공인중개사사무소,대전광역시 서구 괴정로 3(괴정동),영업중
317,오렌지공인중개사사무소,"대전광역시 서구 도솔로412번길 10, 1층 좌측(탄방동)",영업중
318,창성공인중개사사무소,"대전광역시 서구 괴정로 60, 1층(괴정동)",영업중
319,뉴스공인중개사사무소,"대전광역시 서구 둔산로 32-17, 1층 (둔산2동)",영업중
320,사거리행복한공인중개사사무소,대전광역시 서구 도산로 122(도마1동),영업중
321,개구리공인중개사사무소,"대전광역시 서구 도학3길 33, 1층(도마동)",영업중
322,목련나라공인중개사사무소,"대전광역시 서구 둔산남로 127, 분산상가 103호 (둔산1동, 목련(아))",영업중
323,금빛예미지공인중개사사무소,"대전광역시 서구 도안북로 125, 상가101호(도안동,예미지(아))",영업중
324,돌터공인중개사사무소,"대전광역시 서구 도산로 342, 1층(용문동)",영업중
325,강산공인중개사사무소,"대전광역시 서구 관저남로 24, 1층 103호(관저동)",영업중
326,농도원조은공인중개사사무소,대전광역시 서구 도산로 120(도마1동),영업중
327,린풀공인중개사사무소,"대전광역시 서구 용소로 16, 103호",영업중
328,예미지웰컴공인중개사사무소,"대전광역시 서구 관저중로 33, 상가 101호(관저동, 관저예미지)",영업중
329,효성공인중개사사무소,"대전광역시 서구 도산로 11, 상가 108호 (도마1동, 효성타운(아))",영업중
330,뉴대성공인중개사사무소,"대전광역시 서구 둔산남로105번길 18, 1층 (둔산1동)",영업중
331,영토공인중개사사무소,"대전광역시 서구 관저동로90번길 47, 분산상가 102호(관저2동,느리울(아))",영업중
332,롯데공인중개사사무소,"대전광역시 서구 신갈마로 46, 상가 106호(내동,롯데(아))",영업중
333,희망공인중개사사무소,"대전광역시 서구 계룡로342번길 80, 1층 101호(갈마동)",영업중
334,토마토공인중개사사무소,대전광역시 서구 변동중로 68-1(변동),영업중
335,배재공인중개사사무소,"대전광역시 서구 사마1길 71, 101호(도마동)",영업중
336,대전크로바공인중개사사무소,"대전광역시 서구 둔산로 155, 상가114호(둔산1동,크로바(아))",영업중
337,롯데합동공인중개사사무소,"대전광역시 서구 신갈마로 46, 상가108호(내동,롯데(아))",영업중
338,대아공인중개사사무소,"대전광역시 서구 배재로 185, 상가 103호(도마2동,대아(아))",영업중
339,명인공인중개사사무소,"대전광역시 서구 청사로 70, 상가 106호(월평3동,누리(아))",영업중
340,둔산114공인중개사사무소,"대전광역시 서구 둔산로 133, 112호(둔산1동,현대아이텔)",영업중
341,광명랜드공인중개사사무소,"대전광역시 서구 도솔5길 96, 가동 103호(도마동)",영업중
342,아르누보팰리스예지공인중개사사무소,"대전광역시 서구 둔산중로 20, 123호(탄방동,아르누보팰리스)",영업중
343,가수원삼성공인중개사사무소,대전광역시 서구 가수원중로 44-13(가수원동),영업중
344,해송공인중개사사무소,"대전광역시 서구 계백로860번길 72, 1층 101호(관저동)",영업중
345,부동산천국공인중개사사무소,"대전광역시 서구 도산로403번길 21, 324호(탄방동, 전자타운)",영업중
346,오션공인중개사사무소,"대전광역시 서구 도안동로11번길 42, 1층 106호(도안동)",영업중
347,해오름부동산중개사무소,"대전광역시 서구 월평로48번길 8, 1층(월평동)",영업중
348,코리아공인중개사사무소,대전광역시 서구 탄방로 49-3(탄방동),영업중
349,도안호반탑공인중개사사무소,"대전광역시 서구 원도안로 100, 상가동 105호(도안동, 도안 베르디움)",영업중
350,대한경매공인중개사사무소,"대전광역시 서구 둔산로31번길 10-23, 701호(둔산2동)",영업중
351,우미타운공인중개사사무소,"대전광역시 서구 도안동로 77, 상가동 117호(도안동, 도안18단지 린풀하우스)",영업중
352,로얄공인중개사사무소,"대전광역시 서구 배재로 155-7, 상가 14호(도마2동,경남(아))",영업중
353,땅땅공인중개사사무소,대전광역시 서구 구봉산북로7번길 70-17(관저동),영업중
354,신사공인중개사사무소,"대전광역시 서구 둔산중로58번길 29, 103호(둔산동, 센트럴하이브리드)",영업중
355,부동산코리아공인중개사사무소,"대전광역시 서구 도마로 60, 상가6호(도마1동,삼정하이츠)",영업중
356,(주)성윤부동산중개,"대전광역시 서구 둔산남로 97, 401호(둔산1동)",영업중
357,미래N공인중개사사무소,"대전광역시 서구 구봉로131번길 37, 112호(관저동)",영업중
358,웰빙공인중개사사무소,대전광역시 서구 탄방로7번길 23(탄방동),영업중
359,한신공인중개사사무소,"대전광역시 서구 계룡로536번길 9, 상가101호(괴정동,한신(아))",영업중
360,내집마련커뮤니티부동산중개,"대전광역시 서구 원도안로 257, 1층(도안동)",영업중
361,모닝공인중개사사무소,"대전광역시 서구 계룡로629번길 62, 모닝갤러리빌딩 104호",영업중
362,알짜공인중개사사무소,"대전광역시 서구 도솔로357번길 22, 1층(괴정동)",영업중
363,예미지공인중개사사무소,"대전광역시 서구 복수동로 21-20, 상가동 107호(복수동,초록마을2단지)",영업중
364,오동공인중개사사무소,대전광역시 서구 벌곡로 304(오동),영업중
365,대전공인중개사사무소,"대전광역시 서구 도솔로 511, 102호(용문동)",영업중
366,아이파크114공인중개사사무소,"대전광역시 서구 도안동로 183, 상가 105호(도안동,도안아이파크)",영업중
367,도안예미지공인중개사사무소,"대전광역시 서구 도안북로 125, 상가106호(도안동,예미지(아))",영업중
368,지산공인중개사사무소,"대전광역시 서구 도안동로11번길 42, 108호(도안동)",영업중
369,대주공인중개사사무소,"대전광역시 서구 관저동로90번길 16, 101호(관저2동,리슈빌타워)",영업중
370,달리는공인중개사사무소,"대전광역시 서구 계룡로416번길 54, 1층(갈마동)",영업중
371,샘머리공인중개사사무소,"대전광역시 서구 문예로 174, 주상가동 104호",영업중
372,경동공인중개사사무소,"대전광역시 서구 대덕대로 123, 1층(갈마2동)",영업중
373,관저주공공인중개사사무소,"대전광역시 서구 관저서로 24, 상가102호(관저2동,구봉마을9단지)",영업중
374,도안대주공인중개사사무소,"대전광역시 서구 관저북로13번길 5, 105호(관저동)",영업중
375,다와공인중개사사무소,"대전광역시 서구 갈마중로 6-11, 1층 102호(갈마동)",영업중
376,파트너공인중개사사무소,"대전광역시 서구 도안대로 60, 102호 (관저동)",영업중
377,신대신공인중개사사무소,"대전광역시 서구 원도안로224번길 47-31, 107호(도안동)",영업중
378,이지공인중개사사무소,"대전광역시 서구 갈마로 202, 1층 101호(내동)",영업중
379,갤러리하우스공인중개사사무소,"대전광역시 서구 탄방로 104, 1층 일부(용문동)",영업중
380,뉴광개토공인중개사사무소,대전광역시 서구 도산로 101(도마동),영업중
381,백조공인중개사사무소,대전광역시 서구 정림로 73(정림동),영업중
382,샘머리터공인중개사사무소,"대전광역시 서구 청사로 281, 주상가동 109호(둔산동, 샘머리아파트(샘머리코아))",영업중
383,비타민공인중개사사무소,"대전광역시 서구 용문로 59, 1층(용문동)",영업중
384,이레공인중개사사무소,대전광역시 서구 도마로 35(도마1동),영업중
385,상록공인중개사사무소,"대전광역시 서구 도산로393번길 48, 1층 102호(탄방동)",영업중
386,우미대지공인중개사사무소,"대전광역시 서구 용소로44번길 1, 1층 102호(도안동)",영업중
387,우미린행복공인중개사사무소,"대전광역시 서구 도안동로11번길 25, 1층 117호(도안동, 럭키프라자)",영업중
388,용문역공인중개사사무소,"대전광역시 서구 계룡로 661-1, 101호(용문동)",영업중
389,대전우성공인중개사사무소,"대전광역시 서구 갈마중로16번길 31, 1층(갈마2동)",영업중
390,대양공인중개사사무소,"대전광역시 서구 둔산중로 40, 1층 116호(둔산동,둔산더리치빌)",영업중
391,둔산해냄공인중개사사무소,"대전광역시 서구 청사로 70, 상가104호(월평3동,누리(아))",영업중
392,코오롱공인중개사사무소,"대전광역시 서구 동서대로 971, 1층",영업중
393,롯데랜드공인중개사사무소,"대전광역시 서구 신갈마로 46, 상가107호(내동,롯데아파트)",영업중
394,우미린부자공인중개사사무소,"대전광역시 서구 도안동로 77, 상가동 104호(도안동, 도안18단지린풀하우스)",영업중
395,스마일공인중개사사무소,대전광역시 서구 도마로 12(도마1동),영업중
396,관저복공인중개사사무소,"대전광역시 서구 관저북로51번길 7-7, 103호(관저1동)",영업중
397,도안우미린공인중개사사무소,"대전광역시 서구 용소로12번길 5, 104호(도안동)",영업중
398,조은공인중개사사무소,대전광역시 서구 벌곡로1379번길 6(가수원동),영업중
399,산내들공인중개사사무소,"대전광역시 서구 관저로 83, 상가동 105호(관저동, 신선마을아파트)",영업중
400,대전신세계공인중개사사무소,"대전광역시 서구 대덕대로161번길 7, 1층(갈마2동)",영업중
401,해돋이공인중개사사무소,대전광역시 서구 도산로 104-1(도마1동),영업중
402,목련새둔산공인중개사사무소,"대전광역시 서구 둔산남로 127, 중앙상가 103호(둔산동,목련(아))",영업중
403,청솔공인중개사사무소,"대전광역시 서구 둔산로 223, 청솔상가 104호(둔산3동,청솔(아))",영업중
404,신가람공인중개사사무소,"대전광역시 서구 둔산북로 215, 가람상가 102호(둔산3동,가람(아))",영업중
405,프로부동산공인중개사사무소,"대전광역시 서구 문정로2번길 51, 127호(탄방동, 시티빌3차)",영업중
406,호반랜드공인중개사사무소,"대전광역시 서구 원도안로 100, 상가106호(도안동,호반베르디움)",영업중
407,경성공인중개사사무소,"대전광역시 서구 대덕대로 150, 상가148동 202호(갈마동,큰마을아파트)",영업중
408,대원공인중개사사무소,대전광역시 서구 월평로 23(월평동),영업중
409,경성큰마을공인중개사사무소,"대전광역시 서구 대덕대로 150, 상가148동 202호(갈마동,큰마을(아))",영업중
410,뉴일출공인중개사사무소,대전광역시 서구 도산로 155(변동),영업중
411,녹원공인중개사사무소,"대전광역시 서구 둔산남로 30, 상가109호(둔산동,녹원(아))",영업중
412,진성공인중개사사무소,대전광역시 서구 복수동로52번길 38(복수동),영업중
413,도안에이스공인중개사사무소,"대전광역시 서구 도안북로 95, 103호(도안동)",영업중
414,킹마을랜드공인중개사사무소,"대전광역시 서구 대덕대로 150, 후문상가101호(갈마동,큰마을@)",영업중
415,타임공인중개사사무소,"대전광역시 서구 둔산로 14, 116호(둔산동,그린코아)",영업중
416,두영공인중개사사무소,"대전광역시 서구 신갈마로 51, 104동 B211호(내동,더리치빌아파트)",영업중
417,우미린해냄공인중개사사무소,"대전광역시 서구 용소로12번길 6-16, 101호(도안동)",영업중
418,샘머리타운공인중개사사무소,"대전광역시 서구 청사로 281, 분산상가105호(둔산동,샘머리@)",영업중
419,선경공인중개사사무소,"대전광역시 서구 탄방로 5, 1층(탄방동)",영업중
420,한마루공인중개사사무소,"대전광역시 서구 둔산북로 175, 상가동 106호(둔산동, 햇님아파트)",영업중
421,민들레공인중개사사무소,대전광역시 서구 도솔로 121(도마동),영업중
422,도안아이파크공인중개사사무소,"대전광역시 서구 도안동로 183, 상가동 103호(도안동,도안아이파크@)",영업중
423,골드공인중개사사무소,"대전광역시 서구 계룡로584번길 39, 1층(괴정동)",영업중
424,대성공인중개사사무소,"대전광역시 서구 가수원로 106, 7동 102호(가수원동, 은아아파트3단지)",영업중
425,엔젤공인중개사사무소,"대전광역시 서구 신갈마로195번길 10-1, 1층(갈마동)",영업중
426,엑스포골드공인중개사사무소,"대전광역시 서구 둔산대로117번길 66, 407호(만년동, 골드벤처타워)",영업중
427,영동부동산중개사무소,"대전광역시 서구 벌곡로1379번길 19, 1층(가수원동)",영업중
428,한국부동산공인중개사사무소,"대전광역시 서구 벌곡로 1353, 1층(가수원동)",영업중
429,원앙공인중개사사무소,"대전광역시 서구 관저북로 18, 104호(관저동,원앙마을4단지상가)",영업중
430,맑음래미안공인중개사사무소,"대전광역시 서구 가장로 106, 달리상가113호(가장동,삼성래미안아파트)",영업중
431,도안베스트공인중개사사무소,"대전광역시 서구 원도안로242번길 15, 104호(도안동)",영업중
432,자이탑공인중개사사무소,"대전광역시 서구 복수서로 15, 상가동 101호(복수동, 복수센트럴자이)",영업중
433,이재공인중개사사무소,"대전광역시 서구 둔산북로 175, 상가동 107호(둔산동, 햇님아파트)",영업중
434,성문공인중개사사무소,"대전광역시 서구 계룡로354번길 52, 1층(갈마동)",영업중
435,관저미소공인중개사사무소,"대전광역시 서구 관저북로51번길 24-4, 101호(관저동)",영업중
436,시청공인중개사사무소,"대전광역시 서구 둔산중로 19, B183호(탄방동,샤크존)",영업중
437,이창주공인중개사사무소,"대전광역시 서구 둔산중로78번길 40, 203호(둔산동)",영업중
438,뉴대전공인중개사사무소,"대전광역시 서구 둔산로 133, 1층 103호(둔산동,둔산현대아이텔)",영업중
439,향우공인중개사사무소,"대전광역시 서구 도마로 60, 상가1호(도마동,삼정하이츠)",영업중
440,동양부동산공인중개사사무소,"대전광역시 서구 용문로 46, 102호(괴정동)",영업중
441,해냄공인중개사사무소,"대전광역시 서구 도솔로 517, 102호(용문동)",영업중
442,카카오공인중개사사무소,"대전광역시 서구 동서대로 688, 113호 (도안동, 에프엠프라임3차)",영업중
443,탑시티공인중개사사무소,"대전광역시 서구 도안남로 145, 1층 101호",영업중
444,명공인중개사사무소,대전광역시 서구 가수원로 101(가수원동),영업중
445,탑스빌공인중개사사무소,"대전광역시 서구 문정로2번길 123, 101호(탄방동, 둔산시티빌5)",영업중
446,관저신태양부동산공인중개사사무소,"대전광역시 서구 관저남로12번길 7-9, 101호(관저동)",영업중
447,올레공인중개사사무소,"대전광역시 서구 괴정로76번길 5, 1층 102호(괴정동)",영업중
448,해수공인중개사사무소,대전광역시 서구 용소로44번길 36(도안동),영업중
449,햇님공인중개사사무소,"대전광역시 서구 남선로59번길 16, 1층(탄방동)",영업중
450,뉴하우스공인중개사사무소,"대전광역시 서구 문정로112번길 52, 102호(탄방동)",영업중
451,명진공인중개사사무소,"대전광역시 서구 복수남로 4, 1층(복수동)",영업중
452,한화공인중개사사무소,"대전광역시 서구 도산로 37-1, 1층(도마동)",영업중
453,관저더샵행복공인중개사사무소,"대전광역시 서구 구봉산북로 52, 상가동 104호(관저동, 관저더샵2차)",영업중
454,관저더샵로얄공인중개사사무소,"대전광역시 서구 구봉산북로 52, 상가동 105호(관저동, 관저더샵2차)",영업중
455,대전미라클공인중개사사무소,"대전광역시 서구 중반3길 11, 1층 코너",영업중
456,강남만년공인중개사사무소,"대전광역시 서구 만년남로 8, 상가동 105호(만년동, 상록수아파트)",영업중
457,관저더샵베스트공인중개사사무소,"대전광역시 서구 계백로860번길 72, 1층 101호(관저동)",영업중
458,아름다운공인중개사사무소,"대전광역시 서구 복수동로 21-19, 1층 103호(복수동,초록마을1단지상가동)",영업중
459,21목원공인중개사사무소,"대전광역시 서구 신갈마로 258, 1층(갈마동)",영업중
460,용문123공인중개사사무소,"대전광역시 서구 탄방로 112, 1층(용문동)",영업중
461,뉴매일공인중개사사무소,"대전광역시 서구 용문로 85, 1층(용문동)",영업중
462,가장공인중개사사무소,"대전광역시 서구 괴정로 138, 101호(가장동, 자미시티)",영업중
463,황소공인중개사사무소,"대전광역시 서구 정림동로 3, 1층 101호(정림동)",영업중
464,골든공인중개사사무소,"대전광역시 서구 가장로 46, 1층(괴정동)",영업중
465,부동산스토리공인중개사사무소,"대전광역시 서구 동서대로 994, 상가동 104호(내동, 서우아파트)",영업중
466,대웅공인중개사사무소,"대전광역시 서구 가수원로 106, 7동 105호(가수원동, 은아아파트3단지)",영업중
467,가수원미소공인중개사사무소,대전광역시 서구 가수원로 63-1(가수원동),영업중
468,코리안공인중개사사무소,"대전광역시 서구 도산로403번길 21, 446호",영업중
469,부동산타운공인중개사사무소,"대전광역시 서구 청사로 70, 상가동 103호(월평동,누리아파트)",영업중
470,도마일등공인중개사사무소,"대전광역시 서구 도솔로 22, 1층(도마동)",영업중
471,서광공인중개사사무소,"대전광역시 서구 갈마역로 6, 2층 203호",영업중
472,서구월평공인중개사사무소,"대전광역시 서구 계룡로231번길 17, 지하1층(월평동)",영업중
473,관저더샵공인중개사사무소,"대전광역시 서구 관저남로 9, 103호(관저동)",영업중
474,우성공인중개사사무소,"대전광역시 서구 정림로 11, 상가동 101호(정림동, 늘푸른아파트)",영업중
475,베누스공인중개사사무소,"대전광역시 서구 대덕대로168번길 90, 101호(갈마동,베누스타운)",영업중
476,향촌114공인중개사사무소,"대전광역시 서구 둔산로 15, 1층 112호(둔산동,향촌상가)",영업중
477,더샵포스코공인중개사사무소,"대전광역시 서구 계백로860번길 56, 101호(관저동)",영업중
478,황금알부동산중개사무소,"대전광역시 서구 원도안로207번길 8-28, 1층 102호(도안동)",영업중
479,가원공인중개사사무소,"대전광역시 서구 벌곡로1379번길 19, 1층(가수원동)",영업중
480,더샵행복공인중개사사무소,"대전광역시 서구 구봉산북로 52, 상가동 104호(관저동, 관저더샵2차)",영업중
481,진달래온누리공인중개사사무소,"대전광역시 서구 월평동로 45, 104호(월평동,진달래@상가)",영업중
482,꿈나무공인중개사사무소,"대전광역시 서구 청사로 253, 101호(둔산동, 꿈나무상가동)",영업중
483,관저더샵미래공인중개사사무소,"대전광역시 서구 관저로 13, 104호(관저동)",영업중
484,대전탑공인중개사사무소,"대전광역시 서구 관저중로64번길 64, 2동 107호(관저동)",영업중
485,가수원정다운공인중개사사무소,"대전광역시 서구 벌곡로1353번길 41, 1층(가수원동)",영업중
486,과기대공인중개사사무소,"대전광역시 서구 유등로17번길 142, 1층 101호(복수동)",영업중
487,수정타운공인중개사사무소,"대전광역시 서구 청사로 282, 수정타운 상가동 2층 213호(둔산동)",영업중
488,서우공인중개사사무소,"대전광역시 서구 동서대로 994, 서우아파트상가 104호(내동)",영업중
489,나우공인중개사사무소,"대전광역시 서구 신갈마로 175, 1층 101호(갈마동)",영업중
490,원도안공인중개사사무소,"대전광역시 서구 원도안로207번길 7-21, 1층 101호(도안동)",영업중
491,관저광장공인중개사사무소,"대전광역시 서구 관저중로64번길 63, 1층 108호(관저동, 블루)",영업중
492,자이미소공인중개사사무소,"대전광역시 서구 복수서로 15, 상가동 108호(복수동, 복수센트럴자이)",영업중
493,피노키오공인중개사사무소,"대전광역시 서구 대덕대로168번길 44, 1층 103호.104호(갈마동, 나이스타운)",영업중
494,관저행운공인중개사사무소,"대전광역시 서구 계백로860번길 56, 1층 101호(관저동)",영업중
495,퍼스트트리풀공인중개사사무소,"대전광역시 서구 원도안로257번길 62, 1층",영업중
496,포스코명경공인중개사사무소,"대전광역시 서구 관저로 13, 101호(관저동)",영업중
497,법원청사공인중개사사무소,"대전광역시 서구 대덕대로 366, 103호(만년동, 해가든센트럴파크)",영업중
498,다온숲공인중개사사무소,"대전광역시 서구 구봉산북로 165, 상가동 101호(관저동, 다온숲3단지)",영업중
499,수공인중개사사무소,"대전광역시 서구 둔산로 130, 7층 711호(둔산동, 대덕프라자)",영업중
500,도마e-편한공인중개사사무소,"대전광역시 서구 도산로 37, 1층(도마동)",영업중
501,관저마치공인중개사사무소,"대전광역시 서구 구봉로131번길 17, 1층 105호(관저동, 비체빌딩)",영업중
502,래미안풍년공인중개사사무소,"대전광역시 서구 가장로 107, 별리상가 1층 105호(가장동, 삼성래미안@)",영업중
503,더존공인중개사사무소,"대전광역시 서구 한밭대로570번길 26, 6층 561호",영업중
504,복수마루공인중개사사무소,"대전광역시 서구 복수남로 51, 1층 103호(복수동)",영업중
505,관저예미지공인중개사사무소,"대전광역시 서구 관저중로 33, 상가 103호(관저동, 관저예미지)",영업중
506,금봉공인중개사사무소,"대전광역시 서구 대덕대로167번길 15, 1층 101호(갈마동, 아트리움)",영업중
507,정민근공인중개사사무소,"대전광역시 서구 문정로 26, 1층 103호, 2층 202호(탄방동)",영업중
508,조이공인중개사사무소,"대전광역시 서구 원도안로207번길 8-24, 1층 104호(도안동)",영업중
509,새나래김광수공인중개사사무소,"대전광역시 서구 둔산북로 121, 1511호(둔산동,아너스빌)",영업중
510,스마트공인중개사사무소,"대전광역시 서구 가장로 33, 1층(괴정동)",영업중
511,도솔로공인중개사사무소,"대전광역시 서구 도솔로 56, 1층(도마동)",영업중
512,나비가하이플러스공인중개사사무소,"대전광역시 서구 둔산중로14번길 36, 114호",영업중
513,부동산114공인중개사사무소,"대전광역시 서구 청사로 70, 누리아파트상가 103호",영업중
514,흑석전원공인중개사사무소,"대전광역시 서구 벌곡로 652, 1층 좌측 일부(흑석동)",영업중
515,도안베르디움공인중개사사무소,"대전광역시 서구 원도안로 100, 도안베르디움@ 제401동 상가동 106호(도안동)",영업중
516,둔산미소공인중개사사무소,"대전광역시 서구 둔산중로 19, 1층 비164호(탄방동, 샤크존)",영업중
517,목운공인중개사사무소,"대전광역시 서구 괴정로166번길 6, 1층 일부(가장동)",영업중
518,다산공인중개사사무소,"대전광역시 서구 괴정로134번길 3, 1층 102호(가장동)",영업중
519,한민국공인중개사사무소,"대전광역시 서구 신갈마로 176, 108호(갈마동)",영업중
520,가나공인중개사사무소,"대전광역시 서구 둔산남로 127, 1층 106-1호(둔산동, 목련@중앙상가)",영업중
521,관저4지구부동산중개사무소,"대전광역시 서구 구봉산북로21번길 47, 1층 101호(관저동)",영업중
522,새희망공인중개사사무소,"대전광역시 서구 도산로393번길 58, 1층 102호(탄방동)",영업중
523,스윗트홈공인중개사사무소,"대전광역시 서구 계룡로354번길 78, 1층 101호(갈마동)",영업중
524,리치타운공인중개사사무소,"대전광역시 서구 대덕대로 9-1, 1층",영업중
525,관저양지공인중개사사무소,"대전광역시 서구 관저동로105번길 89, 1층 동측(관저동)",영업중
526,도안우미린정문공인중개사사무소,"대전광역시 서구 도안동로 77, 상가동 123호(도안동, 도안18단지 린풀하우스)",영업중
527,부동산뱅크공인중개사사무소,"대전광역시 서구 도안동로11번길 45, 127호(도안동)",영업중
528,나라부동산공인중개사사무소,"대전광역시 서구 괴정로166번길 6, 1층(가장동)",영업중
529,둔산탑공인중개사사무소,"대전광역시 서구 대덕대로167번길 15, 102호(갈마동, 아트리움)",영업중
530,도안롯데공인중개사사무소,"대전광역시 서구 원도안로242번길 6, 1층 101호(도안동)",영업중
531,e초이스공인중개사사무소,"대전광역시 서구 도산로 276, 1층 103호(가장동)",영업중
532,녹원2공인중개사사무소,"대전광역시 서구 둔산남로 30, 상가동 109호(둔산동, 녹원아파트)",영업중
533,희망찬공인중개사사무소,"대전광역시 서구 도산로 29, 1층(도마동)",영업중
534,맨하탄부동산공인중개사사무소,"대전광역시 서구 용문로 40, 101호(괴정동)",영업중
535,새뜰공인중개사사무소,"대전광역시 서구 월평로 4, 2층 203호(월평동)",영업중
536,아이파크원공인중개사사무소,"대전광역시 서구 도안동로 183, 아이파크상가 104-2호(도안동,도안아이파크)",영업중
537,가람공인중개사사무소,"대전광역시 서구 둔산북로 215, 가람아파트 상가동 1층 107호(둔산동)",영업중
538,라이프공인중개사,"대전광역시 서구 둔산북로 22, 1층 162호(둔산동,둔산라이프종합상가)",영업중
539,동산타운공인중개사사무소,"대전광역시 서구 갈마중로7번길 42, 1층 101호(갈마동, 동산맨션상가동)",영업중
540,신무궁화공인중개사사무소,"대전광역시 서구 만년남로3번길 55, 1층 101호(만년동)",영업중
541,국화신동아공인중개사사무소,"대전광역시 서구 둔산로 201, 1층 101호(둔산동, 국화@신동아상가)",영업중
542,용문해가든공인중개사사무소,"대전광역시 서구 도솔로357번길 22, 1층(괴정동)",영업중
543,뉴월드공인중개사사무소,"대전광역시 서구 복수동로51번길 38, 1층 102호(복수동)",영업중
544,골든벨공인중개사사무소,"대전광역시 서구 배재로91번길 21, 상가 101호(도마동, 도마아파트)",영업중
545,기산랜드공인중개사사무소,"대전광역시 서구 둔산중로58번길 29, 103호(둔산동, 센트럴하이브리드)",영업중
546,한일공인중개사사무소,"대전광역시 서구 대덕대로317번길 20, 357호~364호",영업중
547,길잡이공인중개사사무소,"대전광역시 서구 도솔로 55, 1층(도마동)",영업중
548,관저효성해링턴공인중개사사무소,"대전광역시 서구 관저동로 12, 상가 204호(관저동, 효성해링턴플레이스)",영업중
549,힐링공인중개사사무소,"대전광역시 서구 도솔로 408, 1층 101호(탄방동)",영업중
550,뉴타임공인중개사사무소,"대전광역시 서구 대덕대로 21, 1층(내동)",영업중
551,복돼지공인중개사사무소,"대전광역시 서구 도산로370번길 64, 1층 101호(용문동)",영업중
552,갈마신세계공인중개사사무소,"대전광역시 서구 신갈마로 95, 2층 201-1, 2호(갈마동, 갈마아파트 상가동)",영업중
553,아프리카공인중개사사무소,"대전광역시 서구 둔산로65번길 25, 5층 일부 503호(둔산동)",영업중
554,온나라공인중개사사무소,"대전광역시 서구 월평서로25번길 57, 1층 (월평동)",영업중
555,솔공인중개사사무소,"대전광역시 서구 유등로 503, 1층(용문동)",영업중
556,리마부동산공인중개사사무소,"대전광역시 서구 변동로 73-1, 1층(변동)",영업중
557,K공인중개사사무소,대전광역시 서구 갈마로 172-1(괴정동),영업중
558,에이스공인중개사사무소,"대전광역시 서구 가장로 30, 1층 101호(괴정동)",영업중
559,문성공인중개사사무소,"대전광역시 서구 계룡로354번길 200, 1층(갈마동)",영업중
560,포레나대박공인중개사사무소,"대전광역시 서구 도산로 11, 상가동 109호(도마동, 효성타운)",영업중
561,주민공인중개사사무소,"대전광역시 서구 중반2길 108, 1층(변동)",영업중
562,정림탑공인중개사사무소,"대전광역시 서구 정림로 50, 1층(정림동)",영업중
563,두바이공인중개사사무소,"대전광역시 서구 대덕대로 408, 7층 22호(만년동)",영업중
564,(주)아이비부동산중개법인,"대전광역시 서구 둔산대로117번길 95, 4층 비-401호 일부(만년동)",영업중
565,호수일등공인중개사사무소,"대전광역시 서구 원도안로257번길 58, 1층 102호(도안동)",영업중
566,킹포트부동산공인중개사사무소,"대전광역시 서구 변동중로 36, 어번던스힐 104호(도마동)",영업중
567,도마포레나최고공인중개사사무소,"대전광역시 서구 도솔로 6, 1층 101호(도마동)",영업중
568,리치빌아주공인중개사사무소,"대전광역시 서구 둔산중로 40, 1층 102호,135호(둔산동, 둔산더리치빌)",영업중
569,상서부동산공인중개사사무소,"대전광역시 서구 관저로 3-4, 1층 101호(관저동)",영업중
570,도안우미린one+공인중개사사무소,"대전광역시 서구 도안동로 77, 상가동120호(도안동, 도안18단지린풀하우스)",영업중
571,유명부동산공인중개사사무소,"대전광역시 서구 관저동로 97, 1층 건물좌측부분 일부",영업중
572,하나로랜드공인중개사사무소,"대전광역시 서구 청사로 5, 1층 118호(월평동, 하나로아파트단지내상가)",영업중
573,관저밀리온공인중개사사무소,"대전광역시 서구 관저동로 66, 102호(관저동)",영업중
574,대전대표공인중개사사무소,"대전광역시 서구 관저중로64번길 64, 2동 107호(관저동)",영업중
575,온나라김소장공인중개사사무소,"대전광역시 서구 월평서로25번길 57, 1층(월평동)",영업중
576,케이공인중개사사무소,"대전광역시 서구 청사로 70, 상가 105호(월평동, 누리아파트)",영업중
577,태평양공인중개사사무소,"대전광역시 서구 괴정로 96, 1층 가운데 점포(괴정동)",영업중
578,삼둥이공인중개사사무소,"대전광역시 서구 계백로 1397, 103호(도마동)",영업중
579,설레임공인중개사사무소,"대전광역시 서구 월평중로13번길 10, 2층(월평동)",영업중
580,내동굿모닝공인중개사사무소,"대전광역시 서구 갈마로 262, 104-1호(내동, 맑은아침아파트 502동)",영업중
581,대자연공인중개사사무소,"대전광역시 서구 관저북로 52, 상가동 101호(관저동 대자연마을아파트)",영업중
582,뉴신화공인중개사사무소,"대전광역시 서구 사마1길 15, 1층 우측점포(도마동)",영업중
583,탑부동산공인중개사사무소,"대전광역시 서구 가수원로 106, 7호동 105호(가수원동, 은아아파트3단지)",영업중
584,둔산모알공인중개사사무소,"대전광역시 서구 둔산로123번길 18, B101호(둔산동)",영업중
585,다온공인중개사사무소,"대전광역시 서구 도마로 93, 1층 좌측점포(변동)",영업중
586,부흥공인중개사사무소,"대전광역시 서구 사마1길 20, 101호(도마동)",영업중
587,달리는합동공인중개사사무소,"대전광역시 서구 계룡로416번길 54, 1층(갈마동)",영업중
588,도안더리브공인중개사사무소,"대전광역시 서구 둔산중로 19, A-205호(탄방동,샤크존)",영업중
589,평원공인중개사사무소,"대전광역시 서구 계백로 1308-1, 1층(정림동)",영업중
590,굿모닝공인중개사사무소,"대전광역시 서구 관저북로 18, 상가동 102호(관저동, 원앙마을4단지)",영업중
591,금수래공인중개사사무소,"대전광역시 서구 계백로860번길 72, 102호(관저동)",영업중
592,대전탑부동산공인중개사사무소,"대전광역시 서구 둔산로 30, B01호(둔산동)",영업중
593,복단지부동산공인중개사사무소,"대전광역시 서구 원도안로207번길 8-34, 101호(도안동)",영업중
594,한우리타운공인중개사사무소,"대전광역시 서구 문정로90번길 60, 상가동 108호(탄방동, 한우리아파트)",영업중
595,하나로공인중개사사무소,"대전광역시 서구 청사로 5, 1층 115호(월평동, 하나로아파트 단지내상가)",영업중
596,금빛호수공인중개사사무소,대전광역시 서구 조달청길 186,영업중
597,수호천사공인중개사사무소,"대전광역시 서구 원도안로179번길 15-15, 101호",영업중
598,뉴크로바공인중개사사무소,"대전광역시 서구 둔산로 155, 상가 115호(둔산동, 크로바아파트)",영업중
599,the호연지기공인중개사사무소,"대전광역시 서구 도산로393번길 62, 1층 102호(탄방동)",영업중
600,삼화공인중개사사무소,"대전광역시 서구 도안동로11번길 32, 2층 205호",영업중
601,갈마프라자공인중개사사무소,"대전광역시 서구 신갈마로 95, 상가동 1층114호(갈마동, 갈마아파트)",영업중
602,대룡공인중개사사무소,"대전광역시 서구 구봉산북로21번길 2, 102호(관저동)",영업중
603,비엔비공인중개사사무소,"대전광역시 서구 동서대로 700, 107호(도안동)",영업중
604,금터공인중개사사무소,"대전광역시 서구 원도안로 234, 1층 104호(도안동)",영업중
605,관저더濱肉彭坪适煞내瀯濚ゼ,"대전광역시 서구 계백로860번길 8, 1층(관저동)",영업중
606,도안골든공인중개사사무소,"대전광역시 서구 원도안로242번길 6, 1층 102호(도안동)",영업중
607,잡아라공인중개사사무소,"대전광역시 서구 용문로 41, 1층(괴정동)",영업중
608,영주공인중개사사무소,"대전광역시 서구 탄방로 72, 1층 가운데점포(탄방동)",영업중
609,길인공인중개사사무소,"대전광역시 서구 둔산중로 20, 123호(탄방동, 아르누보팰리스)",영업중
610,나인공인중개사사무소,"대전광역시 서구 탄방로 45, 1층 103호(탄방동)",영업중
611,숭어리샘공인중개사사무소,"대전광역시 서구 대덕대로168번길 82, 1층 103호(갈마동, 웰리움)",영업중
612,하얀공인중개사사무소,"대전광역시 서구 배재로91번길 11, 1층(도마동)",영업중
613,도안해냄공인중개사사무소,"대전광역시 서구 도안동로 177, 110호(도안동)",영업중
614,도마로공인중개사사무소,"대전광역시 서구 도산로 86, 1층(도마동)",영업중
615,한터공인중개사사무소,"대전광역시 서구 둔산로 201, 상가 108호(둔산동, 국화우성아파트)",영업중
616,고선공인중개사사무소,"대전광역시 서구 계백로 1135, 406호(도안동, MK빌딩)",영업중
617,태산공인중개사사무소,"대전광역시 서구 신갈마로195번길 34, 1층 101호(갈마동)",영업중
618,큰길공인중개사사무소,"대전광역시 서구 동서대로 991, 1층(내동)",영업중
619,옥토CRG공인중개사사무소,"대전광역시 서구 갈마중로8번길 40, 1층(갈마동)",영업중
620,한국메디컬공인중개사사무소,"대전광역시 서구 둔지로 20, 3층(둔산동)",영업중
621,관저탑공인중개사사무소,"대전광역시 서구 관저로 47, 105호(관저동)",영업중
622,한솔공인중개사사무소,"대전광역시 서구 복수동로66번길 20, 105호(복수동)",영업중
623,크로바시티공인중개사사무소,"대전광역시 서구 둔산로 155, 단지내상가동 1층 102호(둔산동, 크로바아파트)",영업중
624,상록수랜드공인중개사사무소,"대전광역시 서구 만년남로 8, 단지내상가 111호(만년동, 상록수아파트)",영업중
625,은하수대성공인중개사사무소,"대전광역시 서구 둔산남로 15, 단지내상가 106호(둔산동, 은하수아파트)",영업중
626,어반힐스나래공인중개사사무소,"대전광역시 서구 관저남로 80, 상가동 101호(관저동, 어반힐스아파트)",영업중
627,한섬공인중개사사무소,"대전광역시 서구 월평중로 50, 제상가동 203호(월평동, 전원아파트)",영업중
628,둔산대성공인중개사사무소,"대전광역시 서구 둔산남로 15, 단지내상가 106호(둔산동, 은하수아파트)",영업중
629,세우리공인중개사사무소,"대전광역시 서구 도솔로 289, 1층(괴정동)",영업중
630,백호공인중개사사무소,"대전광역시 서구 관저북로 18, 상가동 108호",영업중
631,행복공인중개사사무소,"대전광역시 서구 관저중로84번길 9-15, 1층(관저동)",영업중
632,공감공인중개사사무소,"대전광역시 서구 한밭대로570번길 12-13, 1층(월평동)",영업중
633,관저한빛공인중개사사무소,"대전광역시 서구 관저로 80, 106호(관저동, 구봉마을 8-1단지 가상가동)",영업중
634,특급공인중개사사무소,"대전광역시 서구 둔산중로 40, 1층 114호(둔산동, 더리치빌)",영업중
635,해가든공인중개사사무소,"대전광역시 서구 도마로 95, 1층 2호(변동)",영업중
636,초원공인중개사사무소,"대전광역시 서구 만년로 45, 상가 109호(만년동, 초원아파트)",영업중
637,뉴신세계공인중개사사무소,"대전광역시 서구 도마로 51, 102-2호(변동, 성암화인빌)",영업중
638,태양부동산중개사무소,"대전광역시 서구 관저동로 99, 102호(관저동)",영업중
639,포스코자매공인중개사사무소,"대전광역시 서구 관저로 13, 101호(관저동)",영업중
640,(주)유일부동산중개,"대전광역시 서구 문예로 73, 505호(둔산동)",영업중
641,이편한세상행운공인중개사사무소,"대전광역시 서구 계룡로615번길 69, 상가동 104호(탄방동, e편한세상둔산1단지)",영업중
642,도마포레나공인중개사사무소,"대전광역시 서구 도산로 35, 1층 전면 우측 코너(도마동)",영업중
643,관저으뜸공인중개사사무소,"대전광역시 서구 관저북로 78, 상가동 105호(관저동)",영업중
644,장원숲공인중개사사무소,대전광역시 서구 도솔로 86(도마동),영업중
645,월평해냄공인중개사사무소,"대전광역시 서구 청사로 70, 상가 104호(월평동, 누리아파트)",영업중
646,이상공인중개사사무소,대전광역시 서구 괴정로149번길 23(용문동),영업중
647,부동산1번가공인중개사사무소,"대전광역시 서구 월평서로 9, 103호(월평동)",영업중
648,뉴새우리공인중개사사무소,"대전광역시 서구 갈마중로 25, 1층(갈마동)",영업중
649,들말부동산공인중개사사무소,대전광역시 서구 도산로 239-2,영업중
650,초심공인중개사사무소,"대전광역시 서구 용문로 69, 101호(용문동)",영업중
651,월드공인중개사사무소,"대전광역시 서구 만년로67번길 30, 304호(만년동)",영업중
652,더조은공인중개사사무소,"대전광역시 서구 도솔로 22, 1층(도마동)",영업중
653,사랑나무공인중개사사무소,"대전광역시 서구 만년로12번길 11, 1층(만년동)",영업중
654,알뜰공인중개사사무소,"대전광역시 서구 갈마중로7번길 42, 상가 108호(갈마동, 동산맨션)",영업중
655,초록대자연공인중개사사무소,"대전광역시 서구 관저북로 52, 상가 102호(관저동, 대자연마을아파트)",영업중
656,다공인중개사사무소,"대전광역시 서구 괴정로8번길 1, 1층(괴정동)",영업중
657,네거리공인중개사사무소,"대전광역시 서구 도산로 194, 101호(변동)",영업중
658,밀알공인중개사사무소,"대전광역시 서구 둔산북로 121, 914호 (둔산동, 아너스빌)",영업중
659,탑공인중개사사무소,"대전광역시 서구 한밭대로570번길 12-7, 101호(월평동)",영업중
660,가람랜드공인중개사사무소,"대전광역시 서구 둔산북로 215, 상가 103호(둔산동, 가람아파트)",영업중
661,황토공인중개사사무소,"대전광역시 서구 탄방로7번길 27, 102호(탄방동)",영업중
662,대림e편한공인중개사사무소,"대전광역시 서구 도산로 37-1, 1층(도마동)",영업중
663,래미안우리공인중개사사무소,"대전광역시 서구 가장로 106, 해리상가 106호(가장동, 삼성래미안아파트)",영업중
664,뉴백마공인중개사사무소,"대전광역시 서구 도솔로 244, 101호(내동)",영업중
665,향기나는방공인중개사사무소,"대전광역시 서구 한밭대로570번길 29-4, 106호(월평동, 갤러리빌8차)",영업중
666,부동산5459977공인중개사사무소,"대전광역시 서구 도안북로 113, 101호(도안동)",영업중
667,훼미리부동산공인중개사사무소,"대전광역시 서구 둔산로 220, 101호(둔산동)",영업중
668,축복공인중개사사무소,"대전광역시 서구 둔산남로175번길 15, 101호(둔산동)",영업중
669,도안삼복공인중개사사무소,"대전광역시 서구 용소로 39, 102호(도안동)",영업중
670,태강공인중개사사무소,"대전광역시 서구 둔산남로181번길 4, 101호(둔산동)",영업중
671,향촌까치공인중개사사무소,"대전광역시 서구 둔산로 15, 상가 101호(둔산동, 향촌아파트)",영업중
672,반석공인중개사사무소,"대전광역시 서구 괴정로166번길 30, 101호(가장동)",영업중
673,토야공인중개사사무소,"대전광역시 서구 대덕대로161번길 7, 1층 정면 좌측 일부(갈마동)",영업중
674,휴리움행정사공인중개사사무소,"대전광역시 서구 신갈마로 186, 상가동 122호(갈마동, 갤러리휴리움)",영업중
675,바로e부동산공인중개사사무소,"대전광역시 서구 괴정로76번길 23, 102호(괴정동)",영업중
676,개나리공인중개사사무소,"대전광역시 서구 문정로10번길 39, 상가 106호(탄방동, 개나리아파트)",영업중
677,더샵포스코2공인중개사사무소,"대전광역시 서구 도솔로 6, 1층 101호(도마동)",영업중
678,정림공인중개사사무소,"대전광역시 서구 정림동로 7, 1층(정림동)",영업중
679,나폴리공인중개사사무소,"대전광역시 서구 도솔로 280-1, 101호(내동)",영업중
680,관저포스코탑공인중개사사무소,"대전광역시 서구 관저서로 19, 단지내상가 105호(관저동, 관저더샵아파트)",영업중
681,도안리슈빌공인중개사사무소,"대전광역시 서구 도안동로 123, 상가 106호(도안동, 도안리슈빌)",영업중
682,도안파트너공인중개사사무소,"대전광역시 서구 도안중로 308, 102호(도안동)",영업중
683,관저포스코원공인중개사사무소,"대전광역시 서구 관저서로 19, 단지내상가 105호(관저동, 관저더샵아파트)",영업중
684,퍼스트공인중개사사무소,"대전광역시 서구 도산로341번길 7, 1층 102호(용문동)",영업중
685,뉴굿모닝공인중개사사무소,"대전광역시 서구 관저로 47, 주상가동 106호(관저동, 구봉마을5단지)",영업중
686,관저굿모닝공인중개사사무소,"대전광역시 서구 관저로 47, 주상가동 106호(관저동, 구봉마을5단지)",영업중
687,대전아트공인중개사사무소,"대전광역시 서구 도솔로 457, 1층(탄방동)",영업중
688,상가천지공인중개사사무소,"대전광역시 서구 문정로2번길 109, 102호(탄방동, 시티빌4차)",영업중
689,신용문공인중개사사무소,"대전광역시 서구 도산로 411, 106호(탄방동)",영업중
690,호반공인중개사사무소,"대전광역시 서구 도산로 91, 1층(도마동)",영업중
691,샘머리스카이공인중개사사무소,"대전광역시 서구 청사로 281, 분산상가동 103호(둔산동, 샘머리아파트)",영업중
692,만년공인중개사사무소,"대전광역시 서구 만년남로 8, 상가동 112호(만년동, 상록수아파트)",영업중
693,상가나라공인중개사사무소,"대전광역시 서구 신갈마로 154, 1층(갈마동)",영업중
694,노벨공인중개사사무소,"대전광역시 서구 대덕대로168번길 22, 102호(갈마동, 위너스빌2)",영업중
695,(주)유일부동산중개,"대전광역시 유성구 봉명서로 49-1, 102호(봉명동)",영업중
696,오성공인중개사사무소,"대전광역시 서구 갈마중로 37, 1층(갈마동)",영업중
697,도안호수공원공인중개사사무소,"대전광역시 서구 원도안로 258, 101호(도안동)",영업중
698,new도시부동산공인중개사사무소,"대전광역시 서구 도산로 342-14, 1층(용문동)",영업중
699,금탑e부동산공인중개사사무소,"대전광역시 서구 관저로 47, 주상가동 104호(관저동, 구봉마을5단지)",영업중
700,온누리공인중개사사무소,"대전광역시 서구 유등로483번길 24, 1층(용문동)",영업중
701,창성1공인중개사사무소,"대전광역시 서구 월평새뜸로 5, 120호(월평동, 패션월드)",영업중
702,화이트공인중개사사무소,"대전광역시 서구 도산로 411, 104호(탄방동)",영업중
703,강남공인중개사사무소,"대전광역시 서구 월평로 27-1, 1층(월평동)",영업중
704,정보공인중개사사무소,"대전광역시 서구 계룡로571번길 65, 상가동 101호(탄방동, 산호아파트)",영업중
705,강남월평공인중개사사무소,"대전광역시 서구 월평로 96, 101호",영업중
706,가이드공인중개사사무소,"대전광역시 서구 월평동로 83, 상가동 127호(월평동,다모아아파트)",영업중
707,허브공인중개사사무소,"대전광역시 서구 괴정로 146-1, 101호",영업중
708,도안열린공인중개사사무소,대전광역시 서구 원도안로207번길 7-13(도안동),영업중
709,소중한공인중개사사무소,"대전광역시 서구 신갈마로230번길 13, 1층(갈마동)",영업중
710,달리는이소장공인중개사사무소,"대전광역시 서구 계룡로416번길 54, 1층(갈마동)",영업중
711,도시합동공인중개사사무소,"대전광역시 서구 문정로 96, 109호",영업중
712,방집사공인중개사사무소,"대전광역시 서구 도솔로 356, 101호(괴정동)",영업중
713,도마수정공인중개사사무소,"대전광역시 서구 도산로 126, 1층",영업중
714,평강공인중개사사무소,대전광역시 서구 월평중로14번길 53,영업중
715,메르하우젠공인중개사사무소,"대전광역시 서구 대덕대로175번길 60, 107호(둔산동)",영업중
716,관저현대공인중개사사무소,"대전광역시 서구 관저북로 18, 상가동 103호(관저동, 원망4단지)",영업중
717,도안풍년공인중개사사무소,"대전광역시 서구 용소로40번길 33, 1층 주차장 옆(도안동)",영업중
718,더큰공인중개사사무소,"대전광역시 서구 월평로 28, 1층 102호",영업중
719,나이스공인중개사사무소,"대전광역시 서구 계룡로562번길 29, 101호",영업중
720,뉴딜공인중개사사무소,"대전광역시 서구 배재로91번길 56, 1층",영업중
721,해오름공인중개사사무소,"대전광역시 서구 도산로 152, 1층(도마동)",영업중
722,명품공인중개사사무소,대전광역시 서구 둔산로73번길 22(둔산동),영업중
723,리슈빌랜드공인중개사사무소,"대전광역시 서구 도안동로 123, 상가동 103호(도안동, 도안리슈빌)",영업중
724,황금무지개공인중개사사무소,"대전광역시 서구 청사서로 11, 상가 108호(월평동, 무지개아파트)",영업중
725,하나공인중개사사무소,"대전광역시 서구 계룡로394번길 20, 101호(갈마동)",영업중
726,더원공인중개사사무소,"대전광역시 서구 조달청길 186, 1층(도마동)",영업중
727,관저대표공인중개사사무소,"대전광역시 서구 관저중로64번길 64, 2동 107호(관저동)",영업중
728,부부공인중개사사무소,"대전광역시 서구 도솔로 71, 1층 (도마동)",영업중
729,도마호반베르디움공인중개사사무소,대전광역시 서구 도산로 71(도마동),영업중
730,하늘땅공인중개사사무소,대전광역시 서구 변동로 60,영업중
731,배제대공인중개사사무소,"대전광역시 서구 배재로91번길 44, 1층(도마동)",영업중
732,성원공인중개사사무소,"대전광역시 서구 계룡로416번길 45, 101호(갈마동)",영업중
733,새나라공인중개사사무소,대전광역시 서구 도솔로 373(괴정동),영업중
734,산호공인중개사사무소,"대전광역시 서구 계룡로571번길 65, 상가동 105호",영업중
735,산청플러스공인중개사사무소,대전광역시 서구 도산로 78(도마동),영업중
736,해뜬공인중개사사무소,"대전광역시 서구 관저북로 18, 상가동 110호(관저동, 원앙마을4단지)",영업중
737,밀리온공인중개사사무소,"대전광역시 서구 관저동로 66, 102호",영업중
738,둔산파랑새공인중개사사무소,"대전광역시 서구 둔지로 75, 상가동 101호(둔산동, 파랑새아파트)",영업중
739,벤처부동산공인중개사사무소,"대전광역시 서구 구봉로131번길 23, 3층(관저동)",영업중
740,스케치공인중개사사무소,"대전광역시 서구 도산로 419-21, 1층(탄방동)",영업중
741,참조은공인중개사사무소,"대전광역시 서구 갈마역로25번길 49, 102호(갈마동, 아트빌라)",영업중
742,고운공인중개사사무소,"대전광역시 서구 문정로89번길 33, 101호",영업중
743,부동산공경매114공인중개사사무소,"대전광역시 서구 가수원로 72, 나동 지하 1층 B4호(가수원동, 은아아파트1단지)",영업중
744,수목토공인중개사사무소,"대전광역시 서구 도안동로 177, 117호(도안동, 도안신도시수목토아파트)",영업중
745,도안미래공인중개사사무소,"대전광역시 서구 도안동로 9, 109호(도안동, 리더스프라자)",영업중
746,변동갑부공인중개사사무소,"대전광역시 서구 도산로 229, 1층 102호(변동)",영업중
747,신청사공인중개사사무소,"대전광역시 서구 둔산중로 138, 106호",영업중
748,엄지척공인중개사사무소,"대전광역시 서구 월평중로 2, 2층(월평동)",영업중
749,성공공인중개사사무소,"대전광역시 서구 계룡로500번길 86, 102호(갈마동)",영업중
750,다올공인중개사사무소,"대전광역시 서구 탄방로7번길 136, 101호(탄방동)",영업중
751,둔산스타공인중개사사무소,"대전광역시 서구 둔산로73번길 30, 1층 102호 일부(둔산동)",영업중
752,능력부동산공인중개사사무소,"대전광역시 서구 둔산중로 19, A204호(탄방동)",영업중
753,둔산명문공인중개사사무소,"대전광역시 서구 둔산중로64번길 25, 101호(둔산동)",영업중
754,청림공인중개사사무소,"대전광역시 서구 신갈마로 237, 101호 (갈마동)",영업중
755,현대용공인중개사사무소,"대전광역시 서구 청사로 148, 1709호(둔산동)",영업중
756,희망공인중개사사무소,"대전광역시 서구 갈마로203번길 40, 1층(괴정동)",영업중
757,현민공동공인중개사사무소,"대전광역시 서구 남선로59번길 4, 1층(탄방동)",영업중
758,강산부동산공인중개사사무소,"대전광역시 서구 관저남로 24, 103호(관저동)",영업중
759,온나라정소장공인중개사사무소,"대전광역시 서구 월평서로25번길 57, 1층 (월평동)",영업중
760,미래e편한세상공인중개사사무소,"대전광역시 서구 계룡로615번길 82, 2단지 상가동 202호(탄방동, e편한세상 둔산)",영업중
761,유명공인중개사사무소,"대전광역시 서구 정림로 55, 상가동 110호(정림동, 우성아파트)",영업중
762,자이사랑공인중개사사무소,"대전광역시 서구 복수서로 15, 상가동 108호(복수동, 복수센트럴자이)",영업중
763,센텀시티공인중개사사무소,"대전광역시 서구 도안동로 77, 상가동 112호",영업중
764,백만평공인중개사사무소,"대전광역시 서구 대덕대로234번길 18, 503호",영업중
765,백프로부동산공인중개사사무소,"대전광역시 서구 원도안로 13-26, 1층 좌측(도안동)",영업중
766,친절한부동산공인중개사사무소,"대전광역시 서구 가수원로 98, 상가 2-4호(가수원동, 계룡아파트)",영업중
767,갑천트리풀스타공인중개사사무소,"대전광역시 서구 원도안로257번길 58, 102호(도안동)",영업중
768,다온부동산공인중개사사무소,"대전광역시 서구 월평로 92, 1층(월평동)",영업중
769,대자연마을공인중개사사무소,"대전광역시 서구 관저북로 52, 상가동 104호(관저동, 대자연마을아파트)",영업중
770,은광공인중개사사무소,대전광역시 서구 계백로1158번길 116(가수원동),영업중
771,글로벌랜드공인중개사사무소,"대전광역시 서구 둔산중로 40, 1층 115호(둔산동, 둔산더리치빌)",영업중
772,진행공인중개사사무소,대전광역시 서구 도솔로511번길 13(용문동),영업중
773,마치공인중개사사무소,"대전광역시 서구 구봉로131번길 17, 105호(관저동)",영업중
774,하늘채공인중개사사무소,"대전광역시 서구 동서대로 967, 상가 101호(내동, 코오롱아파트)",영업중
775,이음공인중개사사무소,"대전광역시 서구 계룡로279번길 33, 104호(월평동)",영업중
776,선사무궁화공인중개사사무소,"대전광역시 서구 청사서로 70, 상가동 107호(월평동, 무궁화아파트)",영업중
777,친절한공인중개사사무소,"대전광역시 서구 가장로 46, 1층",영업중
778,21세기공인중개사사무소,"대전광역시 서구 관저동로90번길 15, 단지상가 105호(관저동, 관저리슈빌)",영업중
779,장터공인중개사사무소,"대전광역시 서구 월평로 77, 102호",영업중
780,성무공인중개사사무소,"대전광역시 서구 둔산북로 121, 1622호(둔산동, 아너스빌)",영업중
781,좋은하루부동산공인중개사사무소,"대전광역시 서구 대덕대로167번길 37, 101호(갈마동, 좋은하루2차)",영업중
782,롯데탑공인중개사사무소,"대전광역시 서구 계룡로562번길 16, 지1층 102호(괴정동)",영업중
783,굿데이부동산공인중개사사무소,"대전광역시 서구 동서대로 1015, 1층 101호(내동)",영업중
784,대전종합부동산공인중개사사무소,"대전광역시 서구 문정로 148, 101호(탄방동)",영업중
785,뉴새나라공인중개사사무소,"대전광역시 서구 도솔로 373, 1층 9호(괴정동)",영업중
786,휴먼공인중개사사무소,"대전광역시 서구 도안북로93번길 20-21, 캠퍼스뷰 101호(도안동)",영업중
787,도안참조은부동산공인중개사사무소,"대전광역시 서구 원도안로224번안길 27, 102호(도안동)",영업중
788,굿모닝골드공인중개사사무소,"대전광역시 서구 변정1길 10, 마동 1층 29호(변동)",영업중
789,명가25시공인중개사사무소,"대전광역시 서구 관저북로 18, 상가동 105호(관저동, 원앙마을4단지)",영업중
790,초록단지공인중개사사무소,"대전광역시 서구 유등로17번길 109, 상가동 101호(복수동, 초록마을5단지)",영업중
791,향촌해냄공인중개사사무소,"대전광역시 서구 둔산로 15, 상가동 115호(둔산동, 향촌아파트)",영업중
792,향촌해냄Ⅱ공인중개사사무소,"대전광역시 서구 둔산로 15, 상가동 115호(둔산동, 향촌아파트)",영업중
793,인앤인공인중개사사무소,"대전광역시 서구 갈마로219번길 38, 1층(괴정동)",영업중
794,샘머리아주공인중개사사무소,"대전광역시 서구 청사로 281, 샘머리코아 상가내 119호",영업중
795,코오롱랜드공인중개사사무소,"대전광역시 서구 동서대로 967, 14동 102호(내동, 코오롱아파트)",영업중
796,명성공인중개사사무소,"대전광역시 서구 대덕대로161번길 7, 1층(갈마동)",영업중
797,센스공인중개사사무소,"대전광역시 서구 월평새뜸로4번길 119, 1층 101호(월평동)",영업중
798,녹원에이스공인중개사사무소,"대전광역시 서구 둔산남로 30, 상가 106호(둔산동, 녹원아파트)",영업중
799,쿠마공인중개사사무소,"대전광역시 서구 변동로 88, 1층",영업중
800,e편한공인중개사사무소,"대전광역시 서구 제비네1길 8, 1층(도마동)",영업중
801,재원공인중개사사무소,"대전광역시 서구 사마1길 29, 1층 101호(도마동)",영업중
802,하이공인중개사사무소,"대전광역시 서구 계룡로342번길 47, 1층 101호(갈마동)",영업중
803,강한공인중개사사무소,"대전광역시 서구 월평중로13번길 9-9, 1층 101호(월평동)",영업중
804,신한빛공인중개사사무소,"대전광역시 서구 계백로 1402, 1층 B동 일부(도마동)",영업중
805,도하공인중개사사무소,"대전광역시 서구 용소로 47, 1층 101호(도안동)",영업중
806,삼성래미안공인중개사사무소,"대전광역시 서구 가장로 107, 별리상가 103호(가장동, 삼성래미안아파트)",영업중
807,복수자이공인중개사사무소,"대전광역시 서구 복수북로 42, 상가동 104호(복수동, 목화아파트)",영업중
808,도안우미린다온공인중개사사무소,"대전광역시 서구 도안동로 77, 상가동 121호(도안동, 도안18단지린풀하우스)",영업중
809,윤공인중개사사무소,"대전광역시 서구 배재로 155-7, 경남상가 1층 1호(도마동, 경남아파트2단지)",영업중
810,나래부동산중개사무소,"대전광역시 서구 도안남로 119, 1층 101호(관저동)",영업중
811,도안대성공인중개사사무소,"대전광역시 서구 원도안로241번길 8-34, 1층 104호(도안동)",영업중
812,은아공인중개사사무소,"대전광역시 서구 가수원로 72, 나동 108호(가수원동, 은아아파트1단지)",영업중
813,e편한포레나행복공인중개사사무소,"대전광역시 서구 도산로 15, 1층(도마동)",영업중
814,e편한행복공인중개사사무소,"대전광역시 서구 도산로 15, 1층(도마동)",영업중
815,경매정보공인중개사사무소,"대전광역시 서구 문예로 73, 304호(둔산동)",영업중
816,아람공인중개사사무소,"대전광역시 서구 계룡로615번길 33, 1층 101호(탄방동)",영업중
817,수목토부자공인중개사사무소,"대전광역시 서구 도안동로 177, 근린생활시설 1층 118-1호(도안동, 도안신도시 수목토아파트)",영업중
818,신경매정보공인중개사사무소,"대전광역시 서구 둔산중로78번길 20, 1001호",영업중
819,창조공인중개사사무소,"대전광역시 서구 관저서로 52, 나상가동 102호(관저동, 구봉마을8단지)",영업중
820,가빈공인중개사사무소,"대전광역시 서구 복수동로 21-20, 상가동 113호(복수동, 초록마을2단지)",영업중
821,가석공인중개사사무소,"대전광역시 서구 문정로 26, 202호(탄방동)",영업중
822,원앙마을공인중개사사무소,"대전광역시 서구 관저북로 87, 상가동 101호(관저동, 원앙마을1단지)",영업중
823,도마e편한세상포레나공인중개사사무소,"대전광역시 서구 바탕들3길 22, 1층(도마동)",영업중
824,도마대박공인중개사사무소,"대전광역시 서구 바탕들3길 22, 1층(도마동)",영업중
825,정공인중개사사무소,"대전광역시 서구 도산로 140, 1층 1호(도마동)",영업중
826,둔산햇님크로바공인중개사사무소,"대전광역시 서구 둔산북로 175, 상가동 102호 일부(둔산동, 햇님아파트)",영업중
827,부동산프로공인중개사사무소,"대전광역시 서구 중반3길 60, 1층 코너(변동)",영업중
828,미담공인중개사사무소,"대전광역시 서구 관저중로95번길 52, 3층 301호 일부(관저동)",영업중
829,팔도부동산공인중개사사무소,"대전광역시 서구 월평로 71, 1층 코너(월평동)",영업중
830,도안리치공인중개사사무소,"대전광역시 서구 도안동로 177, 근린생활시설동 1층 112호 일부 1/2(도안동, 도안신도시 수목토APT)",영업중
831,우림공인중개사사무소,"대전광역시 서구 대덕대로 319, 122호(월평동, 우림필유)",영업중
832,만세공인중개사사무소,"대전광역시 서구 변동로 78, 1층 우측 점포(변동)",영업중
833,주식회사센트럴파트너스부동산중개법인,"대전광역시 서구 대덕대로234번길 46, 3층 302-1호(둔산동)",영업중
834,고수공인중개사사무소,"대전광역시 서구 문정로 118-1, 1층 서측상가(탄방동)",영업중
835,성운공인중개사사무소,"대전광역시 서구 복수남로 56, 1층 101호(복수동)",영업중
836,신세기공인중개사사무소,"대전광역시 서구 도솔로 24-1, 1층 101호(도마동)",영업중
837,유성복합부동산공인중개사사무소,"대전광역시 서구 도솔로322번길 27, 지하1층(괴정동)",영업중
838,부자되는공인중개사사무소,"대전광역시 서구 계룡로500번길 58, 1층 좌측(갈마동)",영업중
839,금빛공인중개사사무소,"대전광역시 서구 계백로 1397, 101호(도마동)",영업중
840,새롬공인중개사사무소,"대전광역시 서구 괴정로 136, 1층(가장동)",영업중
841,씨티공인중개사사무소,"대전광역시 서구 계룡로620번길 29, 103호",영업중
842,이태리플러스공인중개사사무소,"대전광역시 서구 문정로150번길 23-18, 1층 일부(탄방동)",영업중
843,우미린다온공인중개사사무소,"대전광역시 서구 도안동로 77, 상가동 121호(도안동, 도안18단지린풀하우스)",영업중
844,대전참좋은공인중개사사무소,"대전광역시 서구 괴정로76번길 13, 101호(괴정동)",영업중
845,인공인중개사사무소,"대전광역시 서구 갈마로 169, 1층 102호(괴정동)",영업중
846,다원공인중개사사무소,"대전광역시 서구 동서대로997번길 110, 1층 101호(내동)",영업중
847,참좋은공인중개사사무소,"대전광역시 서구 가수원중로 4-22, 1층 103호(가수원동)",영업중
848,티제이옥션공인중개사사무소,"대전광역시 서구 둔산북로 121, 지하 1층 146호(둔산동)",영업중
849,삼정황금공인중개사사무소,"대전광역시 서구 정림서로 114, 상가동 1층 4호(정림동, 삼정하이츠)",영업중
850,느리울공인중개사사무소,"대전광역시 서구 관저로 184, 주상가동 101호(관저동, 느리울마을아파트12단지)",영업중
851,뉴우리공인중개사사무소,"대전광역시 서구 변동로 95, 1층 정면 맨 우측(변동)",영업중
852,크로바둔산공인중개사사무소,"대전광역시 서구 둔산중로58번길 29, 103호",영업중
853,이든공인중개사사무소,"대전광역시 서구 월평서로6번길 36, 1층 101호(월평동)",영업중
854,어반스마트공인중개사사무소,"대전광역시 서구 관저남로 80, 상가동 103호(관저동, 관저어반힐스)",영업중
855,디에이치공인중개사사무소,"대전광역시 서구 갈마중로 6-19, 1층(갈마동)",영업중
856,천지인공인중개사사무소,"대전광역시 서구 도산로 404, 1층(용문동)",영업중
857,뉴황금공인중개사사무소,"대전광역시 서구 용소로40번길 47, 1층 남쪽일부",영업중
858,달인부동산공인중개사사무소,"대전광역시 서구 월평로 92-1, 1층 우측(월평동)",영업중
859,대전부동산중개사무소,"대전광역시 서구 갈마역로 10, 101호(둔산동, 두양리체스)",영업중
860,이편한세상탑공인중개사사무소,"대전광역시 서구 계룡로615번길 69, 2단지상가동 201호(탄방동, e편한세상 둔산)",영업중
861,조은부동산공인중개사사무소,"대전광역시 서구 용문로 17, 1층(괴정동)",영업중
862,복지공인중개사사무소,"대전광역시 서구 도솔로 414, 102호(탄방동)",영업중
863,자이공인중개사사무소,"대전광역시 서구 복수서로 10, 상가 10동 205호(복수동, 계룡아파트)",영업중
864,법원경매부동산중개,"대전광역시 서구 문예로 73, 4층 F404호(둔산동)",영업중
865,신라공인중개사사무소,"대전광역시 서구 도산로 11, 상가동 111호(도마동, 효성타운)",영업중
866,갑천3블록공인중개사사무소,"대전광역시 서구 원도안로224번안길 27, 1층 104호(도안동)",영업중
867,갈마휴리움탑공인중개사사무소,"대전광역시 서구 계룡로394번길 50, 108호(갈마동, 시티팰리스)",영업중
868,이편한대박공인중개사사무소,"대전광역시 서구 도산로 11, 상가동 109호(도마동, 효성타운)",영업중
869,정금숙공인중개사사무소,"대전광역시 서구 둔산북로 121, 지하 1층 B125호(둔산동)",영업중
870,천수부동산공인중개사사무소,"대전광역시 서구 괴정로 79-1, 1층(괴정동)",영업중
871,도안엘드재벌공인중개사사무소,"대전광역시 서구 도안동로 177, 근린생활시설동 110호 전면 좌측(도안동, 도안신도시 수목토 APT)",영업중
872,한마을공인중개사사무소,"대전광역시 서구 가수원로 6, 상가동 103호(가수원동, 은아아파트5단지)",영업중
873,도래공인중개사사무소,"대전광역시 서구 용소로49번길 8-4, 101호(도안동)",영업중
874,포인트공인중개사사무소,"대전광역시 서구 원도안로207번길 8-18, 102호(도안동)",영업중
875,도안푸름공인중개사사무소,"대전광역시 서구 신갈마로209번길 65, 1층 101호(갈마동)",영업중
876,더키움공인중개사사무소,"대전광역시 서구 도마로 78, 102호(도마동)",영업중
877,탄방공인중개사사무소,"대전광역시 서구 탄방로7번길 34, 1층 전면 우측 상가(탄방동)",영업중
878,New리더스공인중개사사무소,"대전광역시 서구 신갈마로195번길 12, 1층 102호(갈마동)",영업중
879,도변113공인중개사사무소,"대전광역시 서구 도산로 134, 1층 가운데 상가(도마동)",영업중
880,OK부동산공인중개사사무소,"대전광역시 서구 도산로 13, 1층 북측(도마동)",영업중
881,가수원공인중개사사무소,"대전광역시 서구 벌곡로1353번길 45, 1층 우측(가수원동)",영업중
882,더샵공인중개사사무소,"대전광역시 서구 관저서로 19, 상가동 101호(관저동, 관저더샵아파트)",영업중
883,마루미공인중개사사무소,"대전광역시 서구 복수중로 30, 상가동 101-B호(복수동, 오량마을마루미)",영업중
884,롯데킹공인중개사사무소,"대전광역시 서구 신갈마로 46, 상가동 102호(내동, 롯데아파트)",영업중
885,백프로김소장공인중개사사무소,"대전광역시 서구 원도안로 13-26, 101호(도안동)",영업중
886,용호부동산중개사무소,"대전광역시 서구 둔산북로 175, 상가동 109호(둔산동, 햇님@)",영업중
887,도안리슈빌탑공인중개사사무소,"대전광역시 서구 도안동로 123, 상가동 103호(도안동, 도안리슈빌)",영업중
888,명인부동산공인중개사사무소,"대전광역시 서구 괴정로98번길 73, 1층(괴정동)",영업중
889,아시아공인중개사사무소,"대전광역시 서구 둔산대로117번길 88, 2층",영업중
890,The OK 공인중개사사무소,"대전광역시 서구 탄방로 104, 1층(용문동)",영업중
891,법원경매정보부동산중개,"대전광역시 서구 문예로 73, 변호사회관 402호(둔산동)",영업중
892,이현희공인중개사사무소,"대전광역시 서구 둔산로123번길 43, 401호",영업중
893,중앙부동산중개법인주식회사,"대전광역시 서구 둔산로137번길 44, 서림빌딩 501호",영업중
894,우미린탑공인중개사사무소,"대전광역시 서구 도안동로 77, 상가동 112호",영업중
895,일조공인중개사사무소,"대전광역시 서구 구봉산북로7번길 14-12, 201호",영업중
896,코랜드공인중개사사무소,"대전광역시 서구 용문로 62-1, 1층(용문동)",영업중
897,박찬현공인중개사사무소,"대전광역시 서구 관저북로51번길 8-4, 1층 전면 좌측 코너 103호(관저동)",영업중
898,예술공인중개사사무소,"대전광역시 서구 도안남로 137, 1층 101호(관저동, 미소타워)",영업중
899,명작공인중개사사무소,"대전광역시 서구 괴정로 121, 1층(괴정동)",영업중
900,진달래공인중개사사무소,"대전광역시 서구 월평동로 45, 상가동 101호(월평동, 진달래아파트)",영업중
901,더샵일번지공인중개사사무소,"대전광역시 서구 구봉산북로 52, 더샵2차 단지내상가 101호",영업중
902,대산공인중개사사무소,"대전광역시 서구 중반9길 23, 상가동 101호",영업중
903,the K 공인중개사사무소,"대전광역시 서구 도학1길 8, 1층 102호",영업중
904,대전부동산그리기공인중개사사무소,"대전광역시 서구 둔산남로 30, 상가동 103호",영업중
905,보리부동산공인중개사사무소,"대전광역시 서구 용소로54번길 36, 102호",영업중
906,스토리공인중개사사무소,"대전광역시 서구 괴정로 188, 1층 일부(우측)",영업중
907,갤러리부동산중개법인,"대전광역시 서구 대덕대로233번길 20, 1층 일부",영업중
908,갑천트리풀공인중개사사무소,"대전광역시 서구 도안중로311번길 18, 1층 상가 일부(도안동)",영업중
909,햇살공인중개사사무소,"대전광역시 서구 갈마로 199, 1층 상가",영업중
910,느리울무지개공인중개사사무소,"대전광역시 서구 관저로 184, 주상가동 102호",영업중
911,대아마을공인중개사사무소,"대전광역시 서구 배재로 185, 상가 102호",영업중
912,삼일공인중개사사무소,"대전광역시 서구 갈마중로16번길 7, 상가 108호",영업중
913,비전공인중개사사무소,"대전광역시 서구 정림서로 162-18, 상가 102호",영업중
914,마스터공인중개사사무소,"대전광역시 서구 도학1길 43, 1층",영업중
915,동행공인중개사사무소,"대전광역시 서구 갈마로117번길 23, 상가 113호",영업중
916,무궁화랜드공인중개사사무소,"대전광역시 서구 청사서로 70, 상가동 102호(월평동, 무궁화아파트)",영업중
917,도마변동현대공인중개사사무소,"대전광역시 서구 변동로 66, 3호",영업중
918,원앙탑공인중개사사무소,"대전광역시 서구 관저북로 18, 상가동 101호",영업중
919,대박이편한세상공인중개사사무소,"대전광역시 서구 계룡로615번길 69, 상가동 102호(탄방동, e편한세상 둔산1단지)",영업중
920,이편한세상조은공인중개사사무소,"대전광역시 서구 계룡로615번길 69, 상가동 103호(탄방동, e편한세상둔산1단지)",영업중
921,한양공인중개사사무소,"대전광역시 서구 복수중로 38, 삼익C상가 1층 106호",영업중
922,이상원공인중개사사무소,"대전광역시 서구 변동중로 56, 1층 좌측(변동)",영업중
923,청담레몬공인중개사사무소,"대전광역시 서구 둔산중로 40, 리치빌 1층 114, 115호",영업중
924,바우공인중개사사무소,"대전광역시 서구 계룡로 663-41, 101호(용문동)",영업중
925,예미지사랑공인중개사사무소,"대전광역시 서구 관저중로 33, 상가동 102호",영업중
926,보성공인중개사사무소,"대전광역시 서구 괴정로 120, 1층 좌측",영업중
927,우미린최고공인중개사사무소,"대전광역시 서구 도안동로 77, 상가동 119호",영업중
928,중흥114공인중개사사무소,"대전광역시 서구 유등로17번길 109, 상가동 102호(복수동, 초록마을5단지)",영업중
929,원탑공인중개사사무소,"대전광역시 서구 문정로90번길 51, 103호",영업중
930,모아공인중개사사무소,"대전광역시 서구 도산로 166, 1층(변동)",영업중
931,둔산밸리공인중개사사무소,"대전광역시 서구 갈마역로 22, 102호",영업중
932,행복부동산공인중개사사무소,"대전광역시 서구 둔산중로 19, A 191호(탄방동, 샤크존)",영업중
933,도안우미린사랑공인중개사사무소,"대전광역시 서구 도안동로 77, 104호",영업중
934,베스트공인중개사사무소,"대전광역시 서구 월평서로25번길 12, 101호(월평동)",영업중
935,도아공인중개사사무소,"대전광역시 서구 관저남로 11, 103호",영업중
936,관저예림공인중개사사무소,"대전광역시 서구 관저로 80, 104호",영업중
937,투게더공인중개사사무소,"대전광역시 서구 괴정로 186, 101호",영업중
938,예일공인중개사사무소,"대전광역시 서구 문정로90번길 57, 아이앤디 프라자 101호",영업중
939,대전종합합동공인중개사사무소,"대전광역시 서구 문정로 148, 굿앤월드빌딩 101호",영업중
940,채움공인중개사사무소,"대전광역시 서구 도솔로 363, 102호",영업중
941,신태양공인중개사사무소,"대전광역시 서구 괴정로 114, 1층(괴정동)",영업중
942,주은리더스공인중개사사무소,"대전광역시 서구 둔산중로 138, 101호(둔산동, 주은오피스텔)",영업중
943,예미지부부공인중개사사무소,"대전광역시 서구 관저중로 33, 상가동 104호",영업중
944,도담공인중개사사무소,"대전광역시 서구 원도안로179번길 15-11, 1층 일부",영업중
945,e-조은공인중개사사무소,"대전광역시 서구 월평로 16, 102호",영업중
946,보라공인중개사사무소,"대전광역시 서구 둔산로 241, 단지내상가 109호",영업중
947,감동공인중개사사무소,"대전광역시 서구 도안동로31번길 12-22, 1층(도안동)",영업중
948,인터뷰공인중개사사무소,"대전광역시 서구 계룡로219번길 11, 1층(월평동)",영업중
949,더샵스마일공인중개사사무소,"대전광역시 서구 관저서로 19, 상가동 103호(관저동, 관저더샵)",영업중
950,다사벤처부동산중개법인주식회사,"대전광역시 서구 구봉산북로7번길 45, 루제비 1층",영업중
951,대전종합공인중개사사무소,"대전광역시 서구 문정로 148, 101호",영업중
952,아이파크호수공인중개사사무소,"대전광역시 서구 원도안로207번길 8-54, 1층 좌측",영업중
953,센트럴자이공인중개사사무소,"대전광역시 서구 복수서로 15, 상가동 105호(복수동, 복수센트럴자이)",영업중
954,잇다부동산공인중개사사무소,"대전광역시 서구 대덕대로185번길 62, 104호(둔산동)",영업중
955,새솔공인중개사사무소,"대전광역시 서구 둔산중로 138, 1108호(둔산동, 주은오피스텔)",영업중
956,뉴타운공인중개사사무소,"대전광역시 서구 도산로 145, 다동 1층 좌측(도마동)",영업중
957,퀸즈공인중개사사무소,"대전광역시 서구 용소로54번길 32, 1층",영업중
958,변동원공인중개사사무소,"대전광역시 서구 변동로 60, 다동 20호",영업중
959,도안한라부동산공인중개사사무소,"대전광역시 서구 도안북로 136, 상가동 1층 101호",영업중
960,신난다공인중개사사무소,"대전광역시 서구 신갈마로 121, 102호(갈마동)",영업중
961,한마루시티원공인중개사사무소,"대전광역시 서구 둔산북로 160, 상가동 101호(둔산동, 한마루아파트)",영업중
962,마루공인중개사사무소,"대전광역시 서구 도림6길 77, 2층(도마동)",영업중
963,도마정문공인중개사사무소,"대전광역시 서구 변동로 86, 1층 우측(변동)",영업중
964,나우앤공인중개사사무소,"대전광역시 서구 도솔로 296, 1층 102호(괴정동)",영업중
965,이태리공인중개사사무소,"대전광역시 서구 문정로150번길 23-18, 1층(탄방동)",영업중
966,더두드림공인중개사사무소,"대전광역시 서구 문정로170번길 67, 1층(둔산동)",영업중
967,The편한공인중개사사무소,"대전광역시 서구 도산로 37, 103호(도마동)",영업중
968,대전한양공인중개사사무소,"대전광역시 서구 갈마로 217, 지하 1층(괴정동)",영업중
969,두드림공인중개사사무소,"대전광역시 서구 문정로170번길 67, 1층(둔산동)",영업중
970,하이부동산공인중개사사무소,"대전광역시 서구 도산로431번길 42, 1층 101호(탄방동)",영업중
971,법원경매대전공인중개사사무소,"대전광역시 서구 문예로 73, 변호사회관 F404호(둔산동)",영업중
972,목운대우공인중개사사무소,"대전광역시 서구 배재로233번길 14, 1층(변동)",영업중
973,스타에셋공인중개사사무소,"대전광역시 서구 둔산중로 20, 206호(탄방동, 나비가아르누보팰리스)",영업중
974,집사공인중개사사무소,"대전광역시 서구 월평중로13번길 9-11, 101호 일부(월평동)",영업중
975,서구미래공인중개사사무소,"대전광역시 서구 대덕대로 83-3, 101호(갈마동)",영업중
976,영앤리치공인중개사사무소,"대전광역시 서구 원도안로 247, 103호(도안동)",영업중
977,모아드림공인중개사사무소,"대전광역시 서구 가수원로 62, 1층 우측(가수원동)",영업중
978,세종컨설팅공인중개사사무소,"대전광역시 서구 둔산중로78번길 30, 201호(둔산동, 법조빌딩)",영업중
979,흥부공인중개사사무소,"대전광역시 서구 도산로335번길 2, 102호(용문동)",영업중
980,둥지공인중개사사무소,"대전광역시 서구 청사로 254, 상가동 105호(둔산동, 둥지아파트)",영업중
981,달리는연합공인중개사사무소,"대전광역시 서구 계룡로416번길 54, 1층(갈마동)",영업중
982,크로바한마루공인중개사사무소,"대전광역시 서구 둔산북로 160, 상가동 107호[둔산동, 한마루(럭키)아파트]",영업중
983,이룸공인중개사사무소,"대전광역시 서구 동서대로1080번길 17, 101호(변동)",영업중
984,장윤정공인중개사사무소,"대전광역시 서구 용문로 57, 101호(용문동)",영업중
985,갑천3블록트리풀백억공인중개사사무소,"대전광역시 서구 원도안로224번안길 27, 104호(도안동)",영업중
986,우미린행운공인중개사사무소,"대전광역시 서구 도안동로 77, 상가동 113호(도안동, 도안18단지린풀하우스)",영업중
987,신진공인중개사사무소,"대전광역시 서구 변동로 86, 1층 일부(변동)",영업중
988,호수114공인중개사사무소,"대전광역시 서구 원도안로224번길 25, 102호(도안동)",영업중
989,와우공인중개사사무소,"대전광역시 서구 괴정로149번길 28, 1층(용문동)",영업중
990,명성부동산중개사무소,"대전광역시 서구 대덕대로185번길 30, 501호(둔산동, 명성빌딩)",영업중
991,갑천레이크파크공인중개사사무소,"대전광역시 서구 원도안로 258, 103호(도안동)",영업중
992,복단지공인중개사사무소,"대전광역시 서구 원도안로207번길 8-34, 101호(도안동)",영업중
993,부자만드는공인중개사사무소,"대전광역시 서구 문정로112번길 52, 102호(탄방동)",영업중
994,맑은물공인중개사사무소,"대전광역시 서구 관저북로 78, 상가동 107호(관저동, 원앙마을2단지)",영업중
995,백.송.이공인중개사사무소,"대전광역시 서구 도산로 97, 102호(도마동)",영업중
996,주)에이치에셋부동산중개법인,"대전광역시 서구 계룡로 310, 3층(갈마동)",영업중
997,플러스공인중개사사무소,"대전광역시 서구 탄방로 45, 103호(탄방동)",영업중
998,아이파크복공인중개사사무소,"대전광역시 서구 도안동로 77, 상가동 1층 112호(도안동, 도안18단지린풀하우스)",영업중
999,리더공인중개사사무소,"대전광역시 서구 가장로 45, 1층(괴정동)",영업중
1000,관저어반힐스공인중개사사무소,"대전광역시 서구 관저남로 80, 상가동 102호(관저동)",영업중
1001,성사공인중개사사무소,"대전광역시 서구 구봉산북로7번길 43, 1층",영업중
1002,리치부동산공인중개사사무소,"대전광역시 서구 문정로170번길 22, 1층 102호(둔산동)",영업중
1003,부자부동산공인중개사사무소,"대전광역시 서구 도산로 235, 1층 일부(내동)",영업중
1004,하늘정원공인중개사사무소,"대전광역시 서구 용문로 91, 1층 좌측(용문동)",영업중
1005,바로공인중개사사무소,"대전광역시 서구 갈마로 241, 1층(괴정동)",영업중
1006,동행아르누보팰리스공인중개사사무소,"대전광역시 서구 둔산중로 20, 103호(탄방동, 아르누보팰리스)",영업중
1007,김순진공인중개사사무소,"대전광역시 서구 가수원로 63, 1층 102호(가수원동)",영업중
1008,우리부동산공인중개사사무소,"대전광역시 서구 둔산로 130, 114-1호(둔산동, 대덕프라자)",영업중
1009,홈즈공인중개사사무소,"대전광역시 서구 갈마로245번길 39, 1층(괴정동)",영업중
1010,new대박공인중개사사무소,"대전광역시 서구 용소로 50, 101호(도안동)",영업중
1011,은하수시티공인중개사사무소,"대전광역시 서구 둔산남로 15, 상가동 101호(둔산동, 은하수아파트)",영업중
1012,탑OK공인중개사사무소,"대전광역시 서구 탄방로 104, 1층 일부(용문동)",영업중
1013,뉴현대공인중개사사무소,"대전광역시 서구 도안동로 183, 상가동 105호 일부(도안동, 도안아이파크)",영업중
1014,둔산우리공인중개사사무소,"대전광역시 서구 둔산로 133, 217호(둔산동, 둔산현대아이텔)",영업중
1015,동행부동산중개법인 주식회사,"대전광역시 서구 도솔로 322, 101호(괴정동)",영업중
1016,해드림공인중개사사무소,"대전광역시 서구 도솔로 304-1, 1층(괴정동)",영업중
1017,영민부동산공인중개사사무소,"대전광역시 서구 월평서로6번길 19, 102호(월평동)",영업중
1018,비발디공간공인중개사사무소,"대전광역시 서구 도안북로 136, 상가동 103호(도안동, 한라비발디)",영업중
1019,채움플러스공인중개사사무소,"대전광역시 서구 도솔로 363, 1층 102호(괴정동)",영업중
1020,그리다공인중개사사무소,"대전광역시 서구 도솔로 346-1, 1층 (괴정동)",영업중
1021,법원경매법률공인중개사사무소,"대전광역시 서구 문예로 73, F404호(둔산동)",영업중
1022,늘푸른공인중개사사무소,"대전광역시 서구 정림로 11, 상가동 1층 103호(정림동, 늘푸른아파트)",영업중
1023,세움공인중개사사무소,"대전광역시 서구 계룡로571번길 23-13, 2층 201호(탄방동)",영업중
1024,키움부동산공인중개사사무소,"대전광역시 서구 탄방로 26, 106호(탄방동, 수팰리스)",영업중
1025,OK공인중개사사무소,"대전광역시 서구 변동로 92, 1층 101호(변동)",영업중
1026,관저제이공인중개사사무소,"대전광역시 서구 관저남로25번길 23-54, 102호(관저동)",영업중
1027,우미린OK공인중개사사무소,"대전광역시 서구 도안동로 77, 상가동 101-1호(도안동, 도안18단지린풀하우스)",영업중
1028,세븐공인중개사사무소,"대전광역시 서구 도솔로412번길 42, 101호(탄방동)",영업중
1029,올레플러스공인중개사사무소,"대전광역시 서구 괴정로76번길 5, 102호(괴정동)",영업중
1030,도안에셋공인중개사사무소,"대전광역시 서구 용소로44번길 20, 1층 일부(도안동)",영업중
1031,필립랜드공인중개사사무소,"대전광역시 서구 남선로 31-8, 지하 1층 일부(탄방동)",영업중
1032,알토란공인중개사사무소,"대전광역시 서구 변동로 66, 1층 1호(변동)",영업중
1033,갑천아이파크공인중개사사무소,"대전광역시 서구 원도안로224번안길 6-8, 102호",영업중
1034,NEW대성공인중개사사무소,"대전광역시 서구 갈마로 212, 1층(내동)",영업중
1035,뉴해수공인중개사사무소,"대전광역시 서구 용소로44번길 36, 1층 상가 101호",영업중
1036,THE다올공인중개사사무소,"대전광역시 서구 관저남로25번길 23-23, 1층 서측(관저동)",영업중
1037,나나공인중개사사무소,"대전광역시 서구 탄방로7번길 27, 102호(탄방동)",영업중
1038,라움공인중개사사무소,"대전광역시 서구 계룡로583번길 12, 상가동 102호(탄방동, 엘아이지건영 리가)",영업중
1039,정담공인중개사사무소,"대전광역시 서구 계룡로583번길 12, 상가동 102호(탄방동, 엘아이지건영 리가)",영업중
1040,스테이어반공인중개사사무소,"대전광역시 서구 둔산로73번길 38, 106호",영업중
1041,신대박공인중개사사무소,"대전광역시 서구 배재로233번길 53, 101호(변동)",영업중
1042,바른공인중개사사무소,"대전광역시 서구 원도안로 189, 1층 102호(도안동)",영업중
1043,여진공인중개사사무소,"대전광역시 서구 원도안로25번길 8-10, 1층 103호(도안동)",영업중
1044,더샘공인중개사사무소,"대전광역시 서구 괴정로 25-1, 2층 201호(갈마동)",영업중
1045,박사공인중개사사무소,"대전광역시 서구 배재로233번길 47, 103호(변동)",영업중
1046,수진공인중개사사무소,"대전광역시 서구 갈마중로 49, 1층 코너(갈마동)",영업중
1047,새봄공인중개사사무소,"대전광역시 서구 갈마중로 29, 1층 101호(갈마동)",영업중
1048,중도공인중개사사무소,"대전광역시 서구 청사서로 65, 상가동 115호(월평동, 한아름아파트)",영업중
1049,윤이공인중개사사무소,"대전광역시 서구 월평로34번길 27, 1층 102호",영업중
1050,부자로공인중개사사무소,"대전광역시 서구 도마로 37, 102호",영업중
1051,On누리공인중개사사무소,"대전광역시 서구 문정로 77, 3층 328호(탄방동, 로데오타운)",영업중
1052,프로공인중개사사무소,"대전광역시 서구 중반3길 60, 1층",영업중
1053,한라비발디공인중개사사무소,"대전광역시 서구 도안북로 136, 상가동 104호(도안동)",영업중
1054,서라벌공인중개사사무소,"대전광역시 서구 월평로34번길 32, 1층 101호(월평동)",영업중
1055,제이앤에스공인중개사사무소,"대전광역시 서구 도안남로 148, 5층 501호(관저동, 봉우타워)",영업중
1056,금빛트리풀공인중개사사무소,"대전광역시 서구 도안북로 125, 금성백조예미지아파트 상가동 101호",영업중
1057,샘물공인중개사사무소,"대전광역시 서구 제비네1길 74, 1층",영업중
1058,FM공인중개사사무소,"대전광역시 서구 둔산로 133, 112호(둔산동, 둔산현대아이텔)",영업중
1059,피노키오뉴부동산공인중개사사무소,"대전광역시 서구 대덕대로168번길 44, 104호(갈마동)",영업중
1060,봄날부동산공인중개사사무소,"대전광역시 서구 관저북로 53, 103호(관저동)",영업중
1061,휴리움탑공인중개사사무소,"대전광역시 서구 계룡로394번길 50, 108호(갈마동, 시티팰리스)",영업중
1062,오케이투공인중개사사무소,"대전광역시 서구 도솔로 90, 102호(도마동)",영업중
1063,푸른마을공인중개사사무소,"대전광역시 서구 갈마로117번길 23, 광도푸른아파트 상가 109호",영업중
1064,동산공인중개사사무소,"대전광역시 서구 갈마중로7번길 42, 상가동 105호(갈마동)",영업중
1065,더에이스공인중개사사무소,"대전광역시 서구 괴정로181번길 27, 1층(용문동)",영업중
1066,오케이공인중개사사무소,"대전광역시 서구 도솔로 90, 102호(도마동)",영업중
1067,매매1번가공인중개사사무소,"대전광역시 서구 월평서로 9, 103호(월평동)",영업중
1068,대전키움공인중개사사무소,"대전광역시 서구 도솔로 353, 미주빌라 101호(괴정동)",영업중
1069,동남공인중개사사무소,"대전광역시 서구 정림로 56-1, 5층 501호",영업중
1070,복수센트럴자이공인중개사사무소,"대전광역시 서구 복수서로 15, 상가동 105호",영업중
1071,파트너부동산공인중개사사무소,"대전광역시 서구 대덕대로241번길 20, 5층 531-4호",영업중
1072,부자마을공인중개사사무소,"대전광역시 서구 도산로253번길 51, 101호(내동,블루존)",영업중
1073,주인공인중개사사무소,"대전광역시 서구 갈마중로 13-21, 101호",영업중
1074,뉴세종부동산공인중개사사무소,"대전광역시 서구 관저서로 24, 상가동 101호",영업중
1075,둔산햇님공인중개사사무소,"대전광역시 서구 둔산북로 175, 상가동 109호(둔산동, 햇님아파트)",영업중
1076,힐링하우스공인중개사사무소,"대전광역시 서구 도솔로 408, 1층 101호(탄방동)",영업중
1077,금수저공인중개사사무소,"대전광역시 서구 조달청길 104, 1층 우측(도마동)",영업중
1078,대명공인중개사사무소,"대전광역시 서구 도안남로 148, 109호",영업중
1079,탄탄공인중개사사무소,"대전광역시 서구 도산로 227, 2동 1호(변동)",영업중
1080,더탄탄공인중개사사무소,"대전광역시 서구 도산로 227, 2동 1호(변동)",영업중
1081,파이낸스부동산공인중개사사무소,"대전광역시 서구 둔산중로 50, 102-1호",영업중
1082,원형법원경매부동산중개,"대전광역시 서구 문예로 73, 변호사회관 402호(둔산동)",영업중
1083,월드부동산중개법인,"대전광역시 서구 둔산로123번길 21, 3층(둔산동, 엠시티타워)",영업중
1084,한결공인중개사사무소,"대전광역시 서구 용문로 93, 1층 우측 상가(용문동)",영업중
1085,금탑공인중개사사무소,"대전광역시 서구 도안동로 123, 근린상가 105호(도안동)",영업중
1086,트리풀강남공인중개사사무소,"대전광역시 서구 도안동로 183, 105호(도안동, 대전도안 아이파크 상가동)",영업중
1087,호수정문공인중개사사무소,"대전광역시 서구 도안동로 183, 105호(도안동, 대전도안 아이파크 상가동)",영업중
1088,e편한최고공인중개사사무소,"대전광역시 서구 도산로 37, 102호(도마동)",영업중
